anchor_p,actual_q,actual_offset,candidate_count,structural_survivor_count,structural_survivors,rule_x_survivor_count,rule_x_survivors,rule_x_true_rejected,lock_carrier,lock_carrier_offset,lock_carrier_d,lock_threat,lock_threat_offset,lock_threat_d,exact_survivor_count,exact_survivors,exact_unique_match
11,13,2,35,35,"[2, 6, 8, 12, 18, 20, 26, 30, 32, 36, 38, 42, 48, 50, 56, 60, 62, 66, 68, 72, 78, 80, 86, 90, 92, 96, 98, 102, 108, 110, 116, 120, 122, 126, 128]",1,[2],False,12,1,6,14,3,4,1,[2],True
13,17,4,34,34,"[4, 6, 10, 16, 18, 24, 28, 30, 34, 36, 40, 46, 48, 54, 58, 60, 64, 66, 70, 76, 78, 84, 88, 90, 94, 96, 100, 106, 108, 114, 118, 120, 124, 126]",3,"[4, 6, 10]",False,14,1,4,25,12,3,1,[4],True
17,19,2,34,34,"[2, 6, 12, 14, 20, 24, 26, 30, 32, 36, 42, 44, 50, 54, 56, 60, 62, 66, 72, 74, 80, 84, 86, 90, 92, 96, 102, 104, 110, 114, 116, 120, 122, 126]",1,[2],False,18,1,6,21,4,4,1,[2],True
19,23,4,33,33,"[4, 10, 12, 18, 22, 24, 28, 30, 34, 40, 42, 48, 52, 54, 58, 60, 64, 70, 72, 78, 82, 84, 88, 90, 94, 100, 102, 108, 112, 114, 118, 120, 124]",0,[],True,20,1,6,21,2,4,1,[4],True
23,29,6,34,34,"[6, 8, 14, 18, 20, 24, 26, 30, 36, 38, 44, 48, 50, 54, 56, 60, 66, 68, 74, 78, 80, 84, 86, 90, 96, 98, 104, 108, 110, 114, 116, 120, 126, 128]",0,[],True,24,1,8,25,2,3,1,[6],True
29,31,2,34,34,"[2, 8, 12, 14, 18, 20, 24, 30, 32, 38, 42, 44, 48, 50, 54, 60, 62, 68, 72, 74, 78, 80, 84, 90, 92, 98, 102, 104, 108, 110, 114, 120, 122, 128]",1,[2],False,30,1,8,32,3,6,1,[2],True
31,37,6,33,33,"[6, 10, 12, 16, 18, 22, 28, 30, 36, 40, 42, 46, 48, 52, 58, 60, 66, 70, 72, 76, 78, 82, 88, 90, 96, 100, 102, 106, 108, 112, 118, 120, 126]",0,[],True,32,1,6,33,2,4,1,[6],True
37,41,4,34,34,"[4, 6, 10, 12, 16, 22, 24, 30, 34, 36, 40, 42, 46, 52, 54, 60, 64, 66, 70, 72, 76, 82, 84, 90, 94, 96, 100, 102, 106, 112, 114, 120, 124, 126]",4,"[4, 6, 10, 12]",False,38,1,4,49,12,3,1,[4],True
41,43,2,35,35,"[2, 6, 8, 12, 18, 20, 26, 30, 32, 36, 38, 42, 48, 50, 56, 60, 62, 66, 68, 72, 78, 80, 86, 90, 92, 96, 98, 102, 108, 110, 116, 120, 122, 126, 128]",1,[2],False,42,1,8,44,3,6,1,[2],True
43,47,4,34,34,"[4, 6, 10, 16, 18, 24, 28, 30, 34, 36, 40, 46, 48, 54, 58, 60, 64, 66, 70, 76, 78, 84, 88, 90, 94, 96, 100, 106, 108, 114, 118, 120, 124, 126]",0,[],True,44,1,6,46,3,4,1,[4],True
47,53,6,34,34,"[2, 6, 12, 14, 20, 24, 26, 30, 32, 36, 42, 44, 50, 54, 56, 60, 62, 66, 72, 74, 80, 84, 86, 90, 92, 96, 102, 104, 110, 114, 116, 120, 122, 126]",1,[2],True,48,1,10,49,2,3,1,[6],True
53,59,6,34,34,"[6, 8, 14, 18, 20, 24, 26, 30, 36, 38, 44, 48, 50, 54, 56, 60, 66, 68, 74, 78, 80, 84, 86, 90, 96, 98, 104, 108, 110, 114, 116, 120, 126, 128]",0,[],True,54,1,8,55,2,4,1,[6],True
59,61,2,34,34,"[2, 8, 12, 14, 18, 20, 24, 30, 32, 38, 42, 44, 48, 50, 54, 60, 62, 68, 72, 74, 78, 80, 84, 90, 92, 98, 102, 104, 108, 110, 114, 120, 122, 128]",1,[2],False,60,1,12,62,3,4,1,[2],True
61,67,6,33,33,"[6, 10, 12, 16, 18, 22, 28, 30, 36, 40, 42, 46, 48, 52, 58, 60, 66, 70, 72, 76, 78, 82, 88, 90, 96, 100, 102, 106, 108, 112, 118, 120, 126]",16,"[6, 10, 12, 16, 18, 22, 28, 30, 36, 40, 42, 46, 48, 52, 58, 60]",False,62,1,4,121,60,3,1,[6],True
67,71,4,34,34,"[4, 6, 10, 12, 16, 22, 24, 30, 34, 36, 40, 42, 46, 52, 54, 60, 64, 66, 70, 72, 76, 82, 84, 90, 94, 96, 100, 102, 106, 112, 114, 120, 124, 126]",0,[],True,68,1,6,69,2,4,1,[4],True
71,73,2,35,35,"[2, 6, 8, 12, 18, 20, 26, 30, 32, 36, 38, 42, 48, 50, 56, 60, 62, 66, 68, 72, 78, 80, 86, 90, 92, 96, 98, 102, 108, 110, 116, 120, 122, 126, 128]",1,[2],False,72,1,12,74,3,4,1,[2],True
73,79,6,34,34,"[4, 6, 10, 16, 18, 24, 28, 30, 34, 36, 40, 46, 48, 54, 58, 60, 64, 66, 70, 76, 78, 84, 88, 90, 94, 96, 100, 106, 108, 114, 118, 120, 124, 126]",13,"[4, 6, 10, 16, 18, 24, 28, 30, 34, 36, 40, 46, 48]",False,74,1,4,121,48,3,1,[6],True
79,83,4,33,33,"[4, 10, 12, 18, 22, 24, 28, 30, 34, 40, 42, 48, 52, 54, 58, 60, 64, 70, 72, 78, 82, 84, 88, 90, 94, 100, 102, 108, 112, 114, 118, 120, 124]",0,[],True,80,1,10,81,2,5,1,[4],True
83,89,6,34,34,"[6, 8, 14, 18, 20, 24, 26, 30, 36, 38, 44, 48, 50, 54, 56, 60, 66, 68, 74, 78, 80, 84, 86, 90, 96, 98, 104, 108, 110, 114, 116, 120, 126, 128]",0,[],True,84,1,12,85,2,4,1,[6],True
89,97,8,34,34,"[2, 8, 12, 14, 18, 20, 24, 30, 32, 38, 42, 44, 48, 50, 54, 60, 62, 68, 72, 74, 78, 80, 84, 90, 92, 98, 102, 104, 108, 110, 114, 120, 122, 128]",1,[2],True,90,1,12,91,2,4,1,[8],True
97,101,4,34,34,"[4, 6, 10, 12, 16, 22, 24, 30, 34, 36, 40, 42, 46, 52, 54, 60, 64, 66, 70, 72, 76, 82, 84, 90, 94, 96, 100, 102, 106, 112, 114, 120, 124, 126]",2,"[4, 6]",False,98,1,6,106,9,4,1,[4],True
101,103,2,35,35,"[2, 6, 8, 12, 18, 20, 26, 30, 32, 36, 38, 42, 48, 50, 56, 60, 62, 66, 68, 72, 78, 80, 86, 90, 92, 96, 98, 102, 108, 110, 116, 120, 122, 126, 128]",1,[2],False,102,1,8,106,5,4,1,[2],True
103,107,4,34,34,"[4, 6, 10, 16, 18, 24, 28, 30, 34, 36, 40, 46, 48, 54, 58, 60, 64, 66, 70, 76, 78, 84, 88, 90, 94, 96, 100, 106, 108, 114, 118, 120, 124, 126]",0,[],True,104,1,8,106,3,4,1,[4],True
107,109,2,34,34,"[2, 6, 12, 14, 20, 24, 26, 30, 32, 36, 42, 44, 50, 54, 56, 60, 62, 66, 72, 74, 80, 84, 86, 90, 92, 96, 102, 104, 110, 114, 116, 120, 122, 126]",1,[2],False,108,1,12,110,3,8,1,[2],True
109,113,4,33,33,"[4, 10, 12, 18, 22, 24, 28, 30, 34, 40, 42, 48, 52, 54, 58, 60, 64, 70, 72, 78, 82, 84, 88, 90, 94, 100, 102, 108, 112, 114, 118, 120, 124]",0,[],True,110,1,8,111,2,4,1,[4],True
113,127,14,34,34,"[6, 8, 14, 18, 20, 24, 26, 30, 36, 38, 44, 48, 50, 54, 56, 60, 66, 68, 74, 78, 80, 84, 86, 90, 96, 98, 104, 108, 110, 114, 116, 120, 126, 128]",0,[],True,114,1,8,115,2,4,1,[14],True
127,131,4,34,34,"[4, 6, 10, 12, 16, 22, 24, 30, 34, 36, 40, 42, 46, 52, 54, 60, 64, 66, 70, 72, 76, 82, 84, 90, 94, 96, 100, 102, 106, 112, 114, 120, 124, 126]",0,[],True,128,1,8,129,2,4,1,[4],True
131,137,6,35,35,"[2, 6, 8, 12, 18, 20, 26, 30, 32, 36, 38, 42, 48, 50, 56, 60, 62, 66, 68, 72, 78, 80, 86, 90, 92, 96, 98, 102, 108, 110, 116, 120, 122, 126, 128]",1,[2],True,132,1,12,133,2,4,1,[6],True
137,139,2,34,34,"[2, 6, 12, 14, 20, 24, 26, 30, 32, 36, 42, 44, 50, 54, 56, 60, 62, 66, 72, 74, 80, 84, 86, 90, 92, 96, 102, 104, 110, 114, 116, 120, 122, 126]",1,[2],False,138,1,8,141,4,4,1,[2],True
139,149,10,33,33,"[4, 10, 12, 18, 22, 24, 28, 30, 34, 40, 42, 48, 52, 54, 58, 60, 64, 70, 72, 78, 82, 84, 88, 90, 94, 100, 102, 108, 112, 114, 118, 120, 124]",0,[],True,140,1,12,141,2,4,1,[10],True
149,151,2,34,34,"[2, 8, 12, 14, 18, 20, 24, 30, 32, 38, 42, 44, 48, 50, 54, 60, 62, 68, 72, 74, 78, 80, 84, 90, 92, 98, 102, 104, 108, 110, 114, 120, 122, 128]",1,[2],False,150,1,12,152,3,8,1,[2],True
151,157,6,33,33,"[6, 10, 12, 16, 18, 22, 28, 30, 36, 40, 42, 46, 48, 52, 58, 60, 66, 70, 72, 76, 78, 82, 88, 90, 96, 100, 102, 106, 108, 112, 118, 120, 126]",0,[],True,152,1,8,153,2,6,1,[6],True
157,163,6,34,34,"[4, 6, 10, 12, 16, 22, 24, 30, 34, 36, 40, 42, 46, 52, 54, 60, 64, 66, 70, 72, 76, 82, 84, 90, 94, 96, 100, 102, 106, 112, 114, 120, 124, 126]",4,"[4, 6, 10, 12]",False,158,1,4,169,12,3,1,[6],True
163,167,4,34,34,"[4, 6, 10, 16, 18, 24, 28, 30, 34, 36, 40, 46, 48, 54, 58, 60, 64, 66, 70, 76, 78, 84, 88, 90, 94, 96, 100, 106, 108, 114, 118, 120, 124, 126]",0,[],True,164,1,6,166,3,4,1,[4],True
167,173,6,34,34,"[2, 6, 12, 14, 20, 24, 26, 30, 32, 36, 42, 44, 50, 54, 56, 60, 62, 66, 72, 74, 80, 84, 86, 90, 92, 96, 102, 104, 110, 114, 116, 120, 122, 126]",1,[2],True,168,1,16,169,2,3,1,[6],True
173,179,6,34,34,"[6, 8, 14, 18, 20, 24, 26, 30, 36, 38, 44, 48, 50, 54, 56, 60, 66, 68, 74, 78, 80, 84, 86, 90, 96, 98, 104, 108, 110, 114, 116, 120, 126, 128]",0,[],True,174,1,8,175,2,6,1,[6],True
179,181,2,34,34,"[2, 8, 12, 14, 18, 20, 24, 30, 32, 38, 42, 44, 48, 50, 54, 60, 62, 68, 72, 74, 78, 80, 84, 90, 92, 98, 102, 104, 108, 110, 114, 120, 122, 128]",1,[2],False,180,1,18,182,3,8,1,[2],True
181,191,10,33,33,"[6, 10, 12, 16, 18, 22, 28, 30, 36, 40, 42, 46, 48, 52, 58, 60, 66, 70, 72, 76, 78, 82, 88, 90, 96, 100, 102, 106, 108, 112, 118, 120, 126]",0,[],True,182,1,8,183,2,4,1,[10],True
191,193,2,35,35,"[2, 6, 8, 12, 18, 20, 26, 30, 32, 36, 38, 42, 48, 50, 56, 60, 62, 66, 68, 72, 78, 80, 86, 90, 92, 96, 98, 102, 108, 110, 116, 120, 122, 126, 128]",1,[2],False,192,1,14,194,3,4,1,[2],True
193,197,4,34,34,"[4, 6, 10, 16, 18, 24, 28, 30, 34, 36, 40, 46, 48, 54, 58, 60, 64, 66, 70, 76, 78, 84, 88, 90, 94, 96, 100, 106, 108, 114, 118, 120, 124, 126]",26,"[4, 6, 10, 16, 18, 24, 28, 30, 34, 36, 40, 46, 48, 54, 58, 60, 64, 66, 70, 76, 78, 84, 88, 90, 94, 96]",False,194,1,4,289,96,3,1,[4],True
197,199,2,34,34,"[2, 6, 12, 14, 20, 24, 26, 30, 32, 36, 42, 44, 50, 54, 56, 60, 62, 66, 72, 74, 80, 84, 86, 90, 92, 96, 102, 104, 110, 114, 116, 120, 122, 126]",1,[2],False,198,1,12,201,4,4,1,[2],True
199,211,12,33,33,"[4, 10, 12, 18, 22, 24, 28, 30, 34, 40, 42, 48, 52, 54, 58, 60, 64, 70, 72, 78, 82, 84, 88, 90, 94, 100, 102, 108, 112, 114, 118, 120, 124]",0,[],True,200,1,12,201,2,4,1,[12],True
211,223,12,33,33,"[6, 10, 12, 16, 18, 22, 28, 30, 36, 40, 42, 46, 48, 52, 58, 60, 66, 70, 72, 76, 78, 82, 88, 90, 96, 100, 102, 106, 108, 112, 118, 120, 126]",0,[],True,212,1,6,213,2,4,1,[12],True
223,227,4,34,34,"[4, 6, 10, 16, 18, 24, 28, 30, 34, 36, 40, 46, 48, 54, 58, 60, 64, 66, 70, 76, 78, 84, 88, 90, 94, 96, 100, 106, 108, 114, 118, 120, 124, 126]",0,[],True,224,1,12,225,2,9,1,[4],True
227,229,2,34,34,"[2, 6, 12, 14, 20, 24, 26, 30, 32, 36, 42, 44, 50, 54, 56, 60, 62, 66, 72, 74, 80, 84, 86, 90, 92, 96, 102, 104, 110, 114, 116, 120, 122, 126]",1,[2],False,228,1,12,230,3,8,1,[2],True
229,233,4,33,33,"[4, 10, 12, 18, 22, 24, 28, 30, 34, 40, 42, 48, 52, 54, 58, 60, 64, 70, 72, 78, 82, 84, 88, 90, 94, 100, 102, 108, 112, 114, 118, 120, 124]",1,[4],False,230,1,8,235,6,4,1,[4],True
233,239,6,34,34,"[6, 8, 14, 18, 20, 24, 26, 30, 36, 38, 44, 48, 50, 54, 56, 60, 66, 68, 74, 78, 80, 84, 86, 90, 96, 98, 104, 108, 110, 114, 116, 120, 126, 128]",0,[],True,234,1,12,235,2,4,1,[6],True
239,241,2,34,34,"[2, 8, 12, 14, 18, 20, 24, 30, 32, 38, 42, 44, 48, 50, 54, 60, 62, 68, 72, 74, 78, 80, 84, 90, 92, 98, 102, 104, 108, 110, 114, 120, 122, 128]",1,[2],False,240,1,20,242,3,6,1,[2],True
241,251,10,33,33,"[6, 10, 12, 16, 18, 22, 28, 30, 36, 40, 42, 46, 48, 52, 58, 60, 66, 70, 72, 76, 78, 82, 88, 90, 96, 100, 102, 106, 108, 112, 118, 120, 126]",1,[6],True,242,1,6,247,6,4,1,[10],True
251,257,6,35,35,"[2, 6, 8, 12, 18, 20, 26, 30, 32, 36, 38, 42, 48, 50, 56, 60, 62, 66, 68, 72, 78, 80, 86, 90, 92, 96, 98, 102, 108, 110, 116, 120, 122, 126, 128]",1,[2],True,252,1,18,253,2,4,1,[6],True
257,263,6,34,34,"[2, 6, 12, 14, 20, 24, 26, 30, 32, 36, 42, 44, 50, 54, 56, 60, 62, 66, 72, 74, 80, 84, 86, 90, 92, 96, 102, 104, 110, 114, 116, 120, 122, 126]",1,[2],True,258,1,8,259,2,4,1,[6],True
263,269,6,34,34,"[6, 8, 14, 18, 20, 24, 26, 30, 36, 38, 44, 48, 50, 54, 56, 60, 66, 68, 74, 78, 80, 84, 86, 90, 96, 98, 104, 108, 110, 114, 116, 120, 126, 128]",0,[],True,264,1,16,265,2,4,1,[6],True
269,271,2,34,34,"[2, 8, 12, 14, 18, 20, 24, 30, 32, 38, 42, 44, 48, 50, 54, 60, 62, 68, 72, 74, 78, 80, 84, 90, 92, 98, 102, 104, 108, 110, 114, 120, 122, 128]",1,[2],False,270,1,16,272,3,10,1,[2],True
271,277,6,33,33,"[6, 10, 12, 16, 18, 22, 28, 30, 36, 40, 42, 46, 48, 52, 58, 60, 66, 70, 72, 76, 78, 82, 88, 90, 96, 100, 102, 106, 108, 112, 118, 120, 126]",0,[],True,272,1,10,273,2,8,1,[6],True
277,281,4,34,34,"[4, 6, 10, 12, 16, 22, 24, 30, 34, 36, 40, 42, 46, 52, 54, 60, 64, 66, 70, 72, 76, 82, 84, 90, 94, 96, 100, 102, 106, 112, 114, 120, 124, 126]",4,"[4, 6, 10, 12]",False,278,1,4,289,12,3,1,[4],True
281,283,2,35,35,"[2, 6, 8, 12, 18, 20, 26, 30, 32, 36, 38, 42, 48, 50, 56, 60, 62, 66, 68, 72, 78, 80, 86, 90, 92, 96, 98, 102, 108, 110, 116, 120, 122, 126, 128]",1,[2],False,282,1,8,284,3,6,1,[2],True
283,293,10,34,34,"[4, 6, 10, 16, 18, 24, 28, 30, 34, 36, 40, 46, 48, 54, 58, 60, 64, 66, 70, 76, 78, 84, 88, 90, 94, 96, 100, 106, 108, 114, 118, 120, 124, 126]",1,[4],True,284,1,6,287,4,4,1,[10],True
293,307,14,34,34,"[6, 8, 14, 18, 20, 24, 26, 30, 36, 38, 44, 48, 50, 54, 56, 60, 66, 68, 74, 78, 80, 84, 86, 90, 96, 98, 104, 108, 110, 114, 116, 120, 126, 128]",0,[],True,294,1,12,295,2,4,1,[14],True
307,311,4,34,34,"[4, 6, 10, 12, 16, 22, 24, 30, 34, 36, 40, 42, 46, 52, 54, 60, 64, 66, 70, 72, 76, 82, 84, 90, 94, 96, 100, 102, 106, 112, 114, 120, 124, 126]",0,[],True,308,1,12,309,2,4,1,[4],True
311,313,2,35,35,"[2, 6, 8, 12, 18, 20, 26, 30, 32, 36, 38, 42, 48, 50, 56, 60, 62, 66, 68, 72, 78, 80, 86, 90, 92, 96, 98, 102, 108, 110, 116, 120, 122, 126, 128]",1,[2],False,312,1,16,314,3,4,1,[2],True
313,317,4,34,34,"[4, 6, 10, 16, 18, 24, 28, 30, 34, 36, 40, 46, 48, 54, 58, 60, 64, 66, 70, 76, 78, 84, 88, 90, 94, 96, 100, 106, 108, 114, 118, 120, 124, 126]",13,"[4, 6, 10, 16, 18, 24, 28, 30, 34, 36, 40, 46, 48]",False,314,1,4,361,48,3,1,[4],True
317,331,14,34,34,"[2, 6, 12, 14, 20, 24, 26, 30, 32, 36, 42, 44, 50, 54, 56, 60, 62, 66, 72, 74, 80, 84, 86, 90, 92, 96, 102, 104, 110, 114, 116, 120, 122, 126]",1,[2],True,318,1,8,319,2,4,1,[14],True
331,337,6,33,33,"[6, 10, 12, 16, 18, 22, 28, 30, 36, 40, 42, 46, 48, 52, 58, 60, 66, 70, 72, 76, 78, 82, 88, 90, 96, 100, 102, 106, 108, 112, 118, 120, 126]",0,[],True,332,1,6,334,3,4,1,[6],True
337,347,10,34,34,"[4, 6, 10, 12, 16, 22, 24, 30, 34, 36, 40, 42, 46, 52, 54, 60, 64, 66, 70, 72, 76, 82, 84, 90, 94, 96, 100, 102, 106, 112, 114, 120, 124, 126]",0,[],True,338,1,6,339,2,4,1,[10],True
347,349,2,34,34,"[2, 6, 12, 14, 20, 24, 26, 30, 32, 36, 42, 44, 50, 54, 56, 60, 62, 66, 72, 74, 80, 84, 86, 90, 92, 96, 102, 104, 110, 114, 116, 120, 122, 126]",1,[2],False,348,1,12,351,4,8,1,[2],True
349,353,4,33,33,"[4, 10, 12, 18, 22, 24, 28, 30, 34, 40, 42, 48, 52, 54, 58, 60, 64, 70, 72, 78, 82, 84, 88, 90, 94, 100, 102, 108, 112, 114, 118, 120, 124]",0,[],True,350,1,12,351,2,8,1,[4],True
353,359,6,34,34,"[6, 8, 14, 18, 20, 24, 26, 30, 36, 38, 44, 48, 50, 54, 56, 60, 66, 68, 74, 78, 80, 84, 86, 90, 96, 98, 104, 108, 110, 114, 116, 120, 126, 128]",0,[],True,354,1,8,355,2,4,1,[6],True
359,367,8,34,34,"[2, 8, 12, 14, 18, 20, 24, 30, 32, 38, 42, 44, 48, 50, 54, 60, 62, 68, 72, 74, 78, 80, 84, 90, 92, 98, 102, 104, 108, 110, 114, 120, 122, 128]",1,[2],True,360,1,24,361,2,3,1,[8],True
367,373,6,34,34,"[4, 6, 10, 12, 16, 22, 24, 30, 34, 36, 40, 42, 46, 52, 54, 60, 64, 66, 70, 72, 76, 82, 84, 90, 94, 96, 100, 102, 106, 112, 114, 120, 124, 126]",0,[],True,368,1,10,369,2,6,1,[6],True
373,379,6,34,34,"[4, 6, 10, 16, 18, 24, 28, 30, 34, 36, 40, 46, 48, 54, 58, 60, 64, 66, 70, 76, 78, 84, 88, 90, 94, 96, 100, 106, 108, 114, 118, 120, 124, 126]",1,[4],True,374,1,8,377,4,4,1,[6],True
379,383,4,33,33,"[4, 10, 12, 18, 22, 24, 28, 30, 34, 40, 42, 48, 52, 54, 58, 60, 64, 70, 72, 78, 82, 84, 88, 90, 94, 100, 102, 108, 112, 114, 118, 120, 124]",0,[],True,380,1,12,381,2,4,1,[4],True
383,389,6,34,34,"[6, 8, 14, 18, 20, 24, 26, 30, 36, 38, 44, 48, 50, 54, 56, 60, 66, 68, 74, 78, 80, 84, 86, 90, 96, 98, 104, 108, 110, 114, 116, 120, 126, 128]",0,[],True,384,1,16,385,2,8,1,[6],True
389,397,8,34,34,"[2, 8, 12, 14, 18, 20, 24, 30, 32, 38, 42, 44, 48, 50, 54, 60, 62, 68, 72, 74, 78, 80, 84, 90, 92, 98, 102, 104, 108, 110, 114, 120, 122, 128]",1,[2],True,390,1,16,391,2,4,1,[8],True
397,401,4,34,34,"[4, 6, 10, 12, 16, 22, 24, 30, 34, 36, 40, 42, 46, 52, 54, 60, 64, 66, 70, 72, 76, 82, 84, 90, 94, 96, 100, 102, 106, 112, 114, 120, 124, 126]",34,"[4, 6, 10, 12, 16, 22, 24, 30, 34, 36, 40, 42, 46, 52, 54, 60, 64, 66, 70, 72, 76, 82, 84, 90, 94, 96, 100, 102, 106, 112, 114, 120, 124, 126]",False,398,1,4,,,,1,[4],True
401,409,8,35,35,"[2, 6, 8, 12, 18, 20, 26, 30, 32, 36, 38, 42, 48, 50, 56, 60, 62, 66, 68, 72, 78, 80, 86, 90, 92, 96, 98, 102, 108, 110, 116, 120, 122, 126, 128]",1,[2],True,402,1,8,403,2,4,1,[8],True
409,419,10,33,33,"[4, 10, 12, 18, 22, 24, 28, 30, 34, 40, 42, 48, 52, 54, 58, 60, 64, 70, 72, 78, 82, 84, 88, 90, 94, 100, 102, 108, 112, 114, 118, 120, 124]",0,[],True,410,1,8,411,2,4,1,[10],True
419,421,2,34,34,"[2, 8, 12, 14, 18, 20, 24, 30, 32, 38, 42, 44, 48, 50, 54, 60, 62, 68, 72, 74, 78, 80, 84, 90, 92, 98, 102, 104, 108, 110, 114, 120, 122, 128]",1,[2],False,420,1,24,422,3,4,1,[2],True
421,431,10,33,33,"[6, 10, 12, 16, 18, 22, 28, 30, 36, 40, 42, 46, 48, 52, 58, 60, 66, 70, 72, 76, 78, 82, 88, 90, 96, 100, 102, 106, 108, 112, 118, 120, 126]",29,"[6, 10, 12, 16, 18, 22, 28, 30, 36, 40, 42, 46, 48, 52, 58, 60, 66, 70, 72, 76, 78, 82, 88, 90, 96, 100, 102, 106, 108]",False,422,1,4,529,108,3,1,[10],True
431,433,2,35,35,"[2, 6, 8, 12, 18, 20, 26, 30, 32, 36, 38, 42, 48, 50, 56, 60, 62, 66, 68, 72, 78, 80, 86, 90, 92, 96, 98, 102, 108, 110, 116, 120, 122, 126, 128]",1,[2],False,432,1,20,434,3,8,1,[2],True
433,439,6,34,34,"[4, 6, 10, 16, 18, 24, 28, 30, 34, 36, 40, 46, 48, 54, 58, 60, 64, 66, 70, 76, 78, 84, 88, 90, 94, 96, 100, 106, 108, 114, 118, 120, 124, 126]",0,[],True,434,1,8,436,3,6,1,[6],True
439,443,4,33,33,"[4, 10, 12, 18, 22, 24, 28, 30, 34, 40, 42, 48, 52, 54, 58, 60, 64, 70, 72, 78, 82, 84, 88, 90, 94, 100, 102, 108, 112, 114, 118, 120, 124]",0,[],True,440,1,16,441,2,9,1,[4],True
443,449,6,34,34,"[6, 8, 14, 18, 20, 24, 26, 30, 36, 38, 44, 48, 50, 54, 56, 60, 66, 68, 74, 78, 80, 84, 86, 90, 96, 98, 104, 108, 110, 114, 116, 120, 126, 128]",0,[],True,444,1,12,445,2,4,1,[6],True
449,457,8,34,34,"[2, 8, 12, 14, 18, 20, 24, 30, 32, 38, 42, 44, 48, 50, 54, 60, 62, 68, 72, 74, 78, 80, 84, 90, 92, 98, 102, 104, 108, 110, 114, 120, 122, 128]",1,[2],True,450,1,18,451,2,4,1,[8],True
457,461,4,34,34,"[4, 6, 10, 12, 16, 22, 24, 30, 34, 36, 40, 42, 46, 52, 54, 60, 64, 66, 70, 72, 76, 82, 84, 90, 94, 96, 100, 102, 106, 112, 114, 120, 124, 126]",20,"[4, 6, 10, 12, 16, 22, 24, 30, 34, 36, 40, 42, 46, 52, 54, 60, 64, 66, 70, 72]",False,458,1,4,529,72,3,1,[4],True
461,463,2,35,35,"[2, 6, 8, 12, 18, 20, 26, 30, 32, 36, 38, 42, 48, 50, 56, 60, 62, 66, 68, 72, 78, 80, 86, 90, 92, 96, 98, 102, 108, 110, 116, 120, 122, 126, 128]",1,[2],False,462,1,16,464,3,10,1,[2],True
463,467,4,34,34,"[4, 6, 10, 16, 18, 24, 28, 30, 34, 36, 40, 46, 48, 54, 58, 60, 64, 66, 70, 76, 78, 84, 88, 90, 94, 96, 100, 106, 108, 114, 118, 120, 124, 126]",0,[],True,464,1,10,465,2,8,1,[4],True
467,479,12,34,34,"[2, 6, 12, 14, 20, 24, 26, 30, 32, 36, 42, 44, 50, 54, 56, 60, 62, 66, 72, 74, 80, 84, 86, 90, 92, 96, 102, 104, 110, 114, 116, 120, 122, 126]",1,[2],True,468,1,18,469,2,4,1,[12],True
479,487,8,34,34,"[2, 8, 12, 14, 18, 20, 24, 30, 32, 38, 42, 44, 48, 50, 54, 60, 62, 68, 72, 74, 78, 80, 84, 90, 92, 98, 102, 104, 108, 110, 114, 120, 122, 128]",1,[2],True,480,1,24,481,2,4,1,[8],True
487,491,4,34,34,"[4, 6, 10, 12, 16, 22, 24, 30, 34, 36, 40, 42, 46, 52, 54, 60, 64, 66, 70, 72, 76, 82, 84, 90, 94, 96, 100, 102, 106, 112, 114, 120, 124, 126]",0,[],True,488,1,8,489,2,4,1,[4],True
491,499,8,35,35,"[2, 6, 8, 12, 18, 20, 26, 30, 32, 36, 38, 42, 48, 50, 56, 60, 62, 66, 68, 72, 78, 80, 86, 90, 92, 96, 98, 102, 108, 110, 116, 120, 122, 126, 128]",1,[2],True,492,1,12,493,2,4,1,[8],True
499,503,4,33,33,"[4, 10, 12, 18, 22, 24, 28, 30, 34, 40, 42, 48, 52, 54, 58, 60, 64, 70, 72, 78, 82, 84, 88, 90, 94, 100, 102, 108, 112, 114, 118, 120, 124]",0,[],True,500,1,12,501,2,4,1,[4],True
503,509,6,34,34,"[6, 8, 14, 18, 20, 24, 26, 30, 36, 38, 44, 48, 50, 54, 56, 60, 66, 68, 74, 78, 80, 84, 86, 90, 96, 98, 104, 108, 110, 114, 116, 120, 126, 128]",0,[],True,504,1,24,505,2,4,1,[6],True
509,521,12,34,34,"[2, 8, 12, 14, 18, 20, 24, 30, 32, 38, 42, 44, 48, 50, 54, 60, 62, 68, 72, 74, 78, 80, 84, 90, 92, 98, 102, 104, 108, 110, 114, 120, 122, 128]",1,[2],True,510,1,16,511,2,4,1,[12],True
521,523,2,35,35,"[2, 6, 8, 12, 18, 20, 26, 30, 32, 36, 38, 42, 48, 50, 56, 60, 62, 66, 68, 72, 78, 80, 86, 90, 92, 96, 98, 102, 108, 110, 116, 120, 122, 126, 128]",1,[2],False,522,1,12,524,3,6,1,[2],True
523,541,18,34,34,"[4, 6, 10, 16, 18, 24, 28, 30, 34, 36, 40, 46, 48, 54, 58, 60, 64, 66, 70, 76, 78, 84, 88, 90, 94, 96, 100, 106, 108, 114, 118, 120, 124, 126]",0,[],True,524,1,6,526,3,4,1,[18],True
541,547,6,33,33,"[6, 10, 12, 16, 18, 22, 28, 30, 36, 40, 42, 46, 48, 52, 58, 60, 66, 70, 72, 76, 78, 82, 88, 90, 96, 100, 102, 106, 108, 112, 118, 120, 126]",33,"[6, 10, 12, 16, 18, 22, 28, 30, 36, 40, 42, 46, 48, 52, 58, 60, 66, 70, 72, 76, 78, 82, 88, 90, 96, 100, 102, 106, 108, 112, 118, 120, 126]",False,542,1,4,,,,1,[6],True
547,557,10,34,34,"[4, 6, 10, 12, 16, 22, 24, 30, 34, 36, 40, 42, 46, 52, 54, 60, 64, 66, 70, 72, 76, 82, 84, 90, 94, 96, 100, 102, 106, 112, 114, 120, 124, 126]",1,[4],True,548,1,6,551,4,4,1,[10],True
557,563,6,34,34,"[2, 6, 12, 14, 20, 24, 26, 30, 32, 36, 42, 44, 50, 54, 56, 60, 62, 66, 72, 74, 80, 84, 86, 90, 92, 96, 102, 104, 110, 114, 116, 120, 122, 126]",1,[2],True,558,1,12,559,2,4,1,[6],True
563,569,6,34,34,"[6, 8, 14, 18, 20, 24, 26, 30, 36, 38, 44, 48, 50, 54, 56, 60, 66, 68, 74, 78, 80, 84, 86, 90, 96, 98, 104, 108, 110, 114, 116, 120, 126, 128]",0,[],True,564,1,12,565,2,4,1,[6],True
569,571,2,34,34,"[2, 8, 12, 14, 18, 20, 24, 30, 32, 38, 42, 44, 48, 50, 54, 60, 62, 68, 72, 74, 78, 80, 84, 90, 92, 98, 102, 104, 108, 110, 114, 120, 122, 128]",1,[2],False,570,1,16,572,3,12,1,[2],True
571,577,6,33,33,"[6, 10, 12, 16, 18, 22, 28, 30, 36, 40, 42, 46, 48, 52, 58, 60, 66, 70, 72, 76, 78, 82, 88, 90, 96, 100, 102, 106, 108, 112, 118, 120, 126]",0,[],True,572,1,12,573,2,4,1,[6],True
577,587,10,34,34,"[4, 6, 10, 12, 16, 22, 24, 30, 34, 36, 40, 42, 46, 52, 54, 60, 64, 66, 70, 72, 76, 82, 84, 90, 94, 96, 100, 102, 106, 112, 114, 120, 124, 126]",0,[],True,578,1,6,579,2,4,1,[10],True
587,593,6,34,34,"[2, 6, 12, 14, 20, 24, 26, 30, 32, 36, 42, 44, 50, 54, 56, 60, 62, 66, 72, 74, 80, 84, 86, 90, 92, 96, 102, 104, 110, 114, 116, 120, 122, 126]",1,[2],True,588,1,18,589,2,4,1,[6],True
593,599,6,34,34,"[6, 8, 14, 18, 20, 24, 26, 30, 36, 38, 44, 48, 50, 54, 56, 60, 66, 68, 74, 78, 80, 84, 86, 90, 96, 98, 104, 108, 110, 114, 116, 120, 126, 128]",0,[],True,594,1,16,595,2,8,1,[6],True
599,601,2,34,34,"[2, 8, 12, 14, 18, 20, 24, 30, 32, 38, 42, 44, 48, 50, 54, 60, 62, 68, 72, 74, 78, 80, 84, 90, 92, 98, 102, 104, 108, 110, 114, 120, 122, 128]",1,[2],False,600,1,24,602,3,8,1,[2],True
601,607,6,33,33,"[6, 10, 12, 16, 18, 22, 28, 30, 36, 40, 42, 46, 48, 52, 58, 60, 66, 70, 72, 76, 78, 82, 88, 90, 96, 100, 102, 106, 108, 112, 118, 120, 126]",0,[],True,602,1,8,603,2,6,1,[6],True
607,613,6,34,34,"[4, 6, 10, 12, 16, 22, 24, 30, 34, 36, 40, 42, 46, 52, 54, 60, 64, 66, 70, 72, 76, 82, 84, 90, 94, 96, 100, 102, 106, 112, 114, 120, 124, 126]",0,[],True,608,1,12,609,2,8,1,[6],True
613,617,4,34,34,"[4, 6, 10, 16, 18, 24, 28, 30, 34, 36, 40, 46, 48, 54, 58, 60, 64, 66, 70, 76, 78, 84, 88, 90, 94, 96, 100, 106, 108, 114, 118, 120, 124, 126]",34,"[4, 6, 10, 16, 18, 24, 28, 30, 34, 36, 40, 46, 48, 54, 58, 60, 64, 66, 70, 76, 78, 84, 88, 90, 94, 96, 100, 106, 108, 114, 118, 120, 124, 126]",False,614,1,4,,,,1,[4],True
617,619,2,34,34,"[2, 6, 12, 14, 20, 24, 26, 30, 32, 36, 42, 44, 50, 54, 56, 60, 62, 66, 72, 74, 80, 84, 86, 90, 92, 96, 102, 104, 110, 114, 116, 120, 122, 126]",1,[2],False,618,1,8,622,5,4,1,[2],True
619,631,12,33,33,"[4, 10, 12, 18, 22, 24, 28, 30, 34, 40, 42, 48, 52, 54, 58, 60, 64, 70, 72, 78, 82, 84, 88, 90, 94, 100, 102, 108, 112, 114, 118, 120, 124]",0,[],True,620,1,12,621,2,8,1,[12],True
631,641,10,33,33,"[6, 10, 12, 16, 18, 22, 28, 30, 36, 40, 42, 46, 48, 52, 58, 60, 66, 70, 72, 76, 78, 82, 88, 90, 96, 100, 102, 106, 108, 112, 118, 120, 126]",0,[],True,632,1,8,633,2,4,1,[10],True
641,643,2,35,35,"[2, 6, 8, 12, 18, 20, 26, 30, 32, 36, 38, 42, 48, 50, 56, 60, 62, 66, 68, 72, 78, 80, 86, 90, 92, 96, 98, 102, 108, 110, 116, 120, 122, 126, 128]",3,"[2, 6, 8]",False,642,1,8,649,8,4,1,[2],True
643,647,4,34,34,"[4, 6, 10, 16, 18, 24, 28, 30, 34, 36, 40, 46, 48, 54, 58, 60, 64, 66, 70, 76, 78, 84, 88, 90, 94, 96, 100, 106, 108, 114, 118, 120, 124, 126]",0,[],True,644,1,12,645,2,8,1,[4],True
647,653,6,34,34,"[2, 6, 12, 14, 20, 24, 26, 30, 32, 36, 42, 44, 50, 54, 56, 60, 62, 66, 72, 74, 80, 84, 86, 90, 92, 96, 102, 104, 110, 114, 116, 120, 122, 126]",1,[2],True,648,1,20,649,2,4,1,[6],True
653,659,6,34,34,"[6, 8, 14, 18, 20, 24, 26, 30, 36, 38, 44, 48, 50, 54, 56, 60, 66, 68, 74, 78, 80, 84, 86, 90, 96, 98, 104, 108, 110, 114, 116, 120, 126, 128]",0,[],True,654,1,8,655,2,4,1,[6],True
659,661,2,34,34,"[2, 8, 12, 14, 18, 20, 24, 30, 32, 38, 42, 44, 48, 50, 54, 60, 62, 68, 72, 74, 78, 80, 84, 90, 92, 98, 102, 104, 108, 110, 114, 120, 122, 128]",1,[2],False,660,1,24,662,3,4,1,[2],True
661,673,12,33,33,"[6, 10, 12, 16, 18, 22, 28, 30, 36, 40, 42, 46, 48, 52, 58, 60, 66, 70, 72, 76, 78, 82, 88, 90, 96, 100, 102, 106, 108, 112, 118, 120, 126]",33,"[6, 10, 12, 16, 18, 22, 28, 30, 36, 40, 42, 46, 48, 52, 58, 60, 66, 70, 72, 76, 78, 82, 88, 90, 96, 100, 102, 106, 108, 112, 118, 120, 126]",False,662,1,4,,,,1,[12],True
673,677,4,34,34,"[4, 6, 10, 16, 18, 24, 28, 30, 34, 36, 40, 46, 48, 54, 58, 60, 64, 66, 70, 76, 78, 84, 88, 90, 94, 96, 100, 106, 108, 114, 118, 120, 124, 126]",34,"[4, 6, 10, 16, 18, 24, 28, 30, 34, 36, 40, 46, 48, 54, 58, 60, 64, 66, 70, 76, 78, 84, 88, 90, 94, 96, 100, 106, 108, 114, 118, 120, 124, 126]",False,674,1,4,,,,1,[4],True
677,683,6,34,34,"[2, 6, 12, 14, 20, 24, 26, 30, 32, 36, 42, 44, 50, 54, 56, 60, 62, 66, 72, 74, 80, 84, 86, 90, 92, 96, 102, 104, 110, 114, 116, 120, 122, 126]",1,[2],True,678,1,8,679,2,4,1,[6],True
683,691,8,34,34,"[6, 8, 14, 18, 20, 24, 26, 30, 36, 38, 44, 48, 50, 54, 56, 60, 66, 68, 74, 78, 80, 84, 86, 90, 96, 98, 104, 108, 110, 114, 116, 120, 126, 128]",0,[],True,684,1,18,685,2,4,1,[8],True
691,701,10,33,33,"[6, 10, 12, 16, 18, 22, 28, 30, 36, 40, 42, 46, 48, 52, 58, 60, 66, 70, 72, 76, 78, 82, 88, 90, 96, 100, 102, 106, 108, 112, 118, 120, 126]",0,[],True,692,1,6,694,3,4,1,[10],True
701,709,8,35,35,"[2, 6, 8, 12, 18, 20, 26, 30, 32, 36, 38, 42, 48, 50, 56, 60, 62, 66, 68, 72, 78, 80, 86, 90, 92, 96, 98, 102, 108, 110, 116, 120, 122, 126, 128]",1,[2],True,702,1,16,703,2,4,1,[8],True
709,719,10,33,33,"[4, 10, 12, 18, 22, 24, 28, 30, 34, 40, 42, 48, 52, 54, 58, 60, 64, 70, 72, 78, 82, 84, 88, 90, 94, 100, 102, 108, 112, 114, 118, 120, 124]",0,[],True,710,1,8,711,2,6,1,[10],True
719,727,8,34,34,"[2, 8, 12, 14, 18, 20, 24, 30, 32, 38, 42, 44, 48, 50, 54, 60, 62, 68, 72, 74, 78, 80, 84, 90, 92, 98, 102, 104, 108, 110, 114, 120, 122, 128]",1,[2],True,720,1,30,721,2,4,1,[8],True
727,733,6,34,34,"[4, 6, 10, 12, 16, 22, 24, 30, 34, 36, 40, 42, 46, 52, 54, 60, 64, 66, 70, 72, 76, 82, 84, 90, 94, 96, 100, 102, 106, 112, 114, 120, 124, 126]",0,[],True,728,1,16,729,2,7,1,[6],True
733,739,6,34,34,"[4, 6, 10, 16, 18, 24, 28, 30, 34, 36, 40, 46, 48, 54, 58, 60, 64, 66, 70, 76, 78, 84, 88, 90, 94, 96, 100, 106, 108, 114, 118, 120, 124, 126]",29,"[4, 6, 10, 16, 18, 24, 28, 30, 34, 36, 40, 46, 48, 54, 58, 60, 64, 66, 70, 76, 78, 84, 88, 90, 94, 96, 100, 106, 108]",False,734,1,4,841,108,3,1,[6],True
739,743,4,33,33,"[4, 10, 12, 18, 22, 24, 28, 30, 34, 40, 42, 48, 52, 54, 58, 60, 64, 70, 72, 78, 82, 84, 88, 90, 94, 100, 102, 108, 112, 114, 118, 120, 124]",0,[],True,740,1,12,741,2,8,1,[4],True
743,751,8,34,34,"[6, 8, 14, 18, 20, 24, 26, 30, 36, 38, 44, 48, 50, 54, 56, 60, 66, 68, 74, 78, 80, 84, 86, 90, 96, 98, 104, 108, 110, 114, 116, 120, 126, 128]",0,[],True,744,1,16,745,2,4,1,[8],True
751,757,6,33,33,"[6, 10, 12, 16, 18, 22, 28, 30, 36, 40, 42, 46, 48, 52, 58, 60, 66, 70, 72, 76, 78, 82, 88, 90, 96, 100, 102, 106, 108, 112, 118, 120, 126]",0,[],True,752,1,10,753,2,4,1,[6],True
757,761,4,34,34,"[4, 6, 10, 12, 16, 22, 24, 30, 34, 36, 40, 42, 46, 52, 54, 60, 64, 66, 70, 72, 76, 82, 84, 90, 94, 96, 100, 102, 106, 112, 114, 120, 124, 126]",23,"[4, 6, 10, 12, 16, 22, 24, 30, 34, 36, 40, 42, 46, 52, 54, 60, 64, 66, 70, 72, 76, 82, 84]",False,758,1,4,841,84,3,1,[4],True
761,769,8,35,35,"[2, 6, 8, 12, 18, 20, 26, 30, 32, 36, 38, 42, 48, 50, 56, 60, 62, 66, 68, 72, 78, 80, 86, 90, 92, 96, 98, 102, 108, 110, 116, 120, 122, 126, 128]",1,[2],True,762,1,8,763,2,4,1,[8],True
769,773,4,33,33,"[4, 10, 12, 18, 22, 24, 28, 30, 34, 40, 42, 48, 52, 54, 58, 60, 64, 70, 72, 78, 82, 84, 88, 90, 94, 100, 102, 108, 112, 114, 118, 120, 124]",0,[],True,770,1,16,771,2,4,1,[4],True
773,787,14,34,34,"[6, 8, 14, 18, 20, 24, 26, 30, 36, 38, 44, 48, 50, 54, 56, 60, 66, 68, 74, 78, 80, 84, 86, 90, 96, 98, 104, 108, 110, 114, 116, 120, 126, 128]",0,[],True,774,1,12,775,2,6,1,[14],True
787,797,10,34,34,"[4, 6, 10, 12, 16, 22, 24, 30, 34, 36, 40, 42, 46, 52, 54, 60, 64, 66, 70, 72, 76, 82, 84, 90, 94, 96, 100, 102, 106, 112, 114, 120, 124, 126]",0,[],True,788,1,6,789,2,4,1,[10],True
797,809,12,34,34,"[2, 6, 12, 14, 20, 24, 26, 30, 32, 36, 42, 44, 50, 54, 56, 60, 62, 66, 72, 74, 80, 84, 86, 90, 92, 96, 102, 104, 110, 114, 116, 120, 122, 126]",1,[2],True,798,1,16,799,2,4,1,[12],True
809,811,2,34,34,"[2, 8, 12, 14, 18, 20, 24, 30, 32, 38, 42, 44, 48, 50, 54, 60, 62, 68, 72, 74, 78, 80, 84, 90, 92, 98, 102, 104, 108, 110, 114, 120, 122, 128]",1,[2],False,810,1,20,812,3,12,1,[2],True
811,821,10,33,33,"[6, 10, 12, 16, 18, 22, 28, 30, 36, 40, 42, 46, 48, 52, 58, 60, 66, 70, 72, 76, 78, 82, 88, 90, 96, 100, 102, 106, 108, 112, 118, 120, 126]",0,[],True,812,1,12,813,2,4,1,[10],True
821,823,2,35,35,"[2, 6, 8, 12, 18, 20, 26, 30, 32, 36, 38, 42, 48, 50, 56, 60, 62, 66, 68, 72, 78, 80, 86, 90, 92, 96, 98, 102, 108, 110, 116, 120, 122, 126, 128]",3,"[2, 6, 8]",False,822,1,8,831,10,4,1,[2],True
823,827,4,34,34,"[4, 6, 10, 16, 18, 24, 28, 30, 34, 36, 40, 46, 48, 54, 58, 60, 64, 66, 70, 76, 78, 84, 88, 90, 94, 96, 100, 106, 108, 114, 118, 120, 124, 126]",2,"[4, 6]",False,824,1,8,831,8,4,1,[4],True
827,829,2,34,34,"[2, 6, 12, 14, 20, 24, 26, 30, 32, 36, 42, 44, 50, 54, 56, 60, 62, 66, 72, 74, 80, 84, 86, 90, 92, 96, 102, 104, 110, 114, 116, 120, 122, 126]",1,[2],False,828,1,18,830,3,8,1,[2],True
829,839,10,33,33,"[4, 10, 12, 18, 22, 24, 28, 30, 34, 40, 42, 48, 52, 54, 58, 60, 64, 70, 72, 78, 82, 84, 88, 90, 94, 100, 102, 108, 112, 114, 118, 120, 124]",0,[],True,830,1,8,831,2,4,1,[10],True
839,853,14,34,34,"[2, 8, 12, 14, 18, 20, 24, 30, 32, 38, 42, 44, 48, 50, 54, 60, 62, 68, 72, 74, 78, 80, 84, 90, 92, 98, 102, 104, 108, 110, 114, 120, 122, 128]",1,[2],True,840,1,32,841,2,3,1,[14],True
853,857,4,34,34,"[4, 6, 10, 16, 18, 24, 28, 30, 34, 36, 40, 46, 48, 54, 58, 60, 64, 66, 70, 76, 78, 84, 88, 90, 94, 96, 100, 106, 108, 114, 118, 120, 124, 126]",2,"[4, 6]",False,854,1,8,862,9,4,1,[4],True
857,859,2,34,34,"[2, 6, 12, 14, 20, 24, 26, 30, 32, 36, 42, 44, 50, 54, 56, 60, 62, 66, 72, 74, 80, 84, 86, 90, 92, 96, 102, 104, 110, 114, 116, 120, 122, 126]",1,[2],False,858,1,16,860,3,12,1,[2],True
859,863,4,33,33,"[4, 10, 12, 18, 22, 24, 28, 30, 34, 40, 42, 48, 52, 54, 58, 60, 64, 70, 72, 78, 82, 84, 88, 90, 94, 100, 102, 108, 112, 114, 118, 120, 124]",0,[],True,860,1,12,861,2,8,1,[4],True
863,877,14,34,34,"[6, 8, 14, 18, 20, 24, 26, 30, 36, 38, 44, 48, 50, 54, 56, 60, 66, 68, 74, 78, 80, 84, 86, 90, 96, 98, 104, 108, 110, 114, 116, 120, 126, 128]",0,[],True,864,1,24,865,2,4,1,[14],True
877,881,4,34,34,"[4, 6, 10, 12, 16, 22, 24, 30, 34, 36, 40, 42, 46, 52, 54, 60, 64, 66, 70, 72, 76, 82, 84, 90, 94, 96, 100, 102, 106, 112, 114, 120, 124, 126]",23,"[4, 6, 10, 12, 16, 22, 24, 30, 34, 36, 40, 42, 46, 52, 54, 60, 64, 66, 70, 72, 76, 82, 84]",False,878,1,4,961,84,3,1,[4],True
881,883,2,35,35,"[2, 6, 8, 12, 18, 20, 26, 30, 32, 36, 38, 42, 48, 50, 56, 60, 62, 66, 68, 72, 78, 80, 86, 90, 92, 96, 98, 102, 108, 110, 116, 120, 122, 126, 128]",1,[2],False,882,1,18,884,3,12,1,[2],True
883,887,4,34,34,"[4, 6, 10, 16, 18, 24, 28, 30, 34, 36, 40, 46, 48, 54, 58, 60, 64, 66, 70, 76, 78, 84, 88, 90, 94, 96, 100, 106, 108, 114, 118, 120, 124, 126]",0,[],True,884,1,12,885,2,8,1,[4],True
887,907,20,34,34,"[2, 6, 12, 14, 20, 24, 26, 30, 32, 36, 42, 44, 50, 54, 56, 60, 62, 66, 72, 74, 80, 84, 86, 90, 92, 96, 102, 104, 110, 114, 116, 120, 122, 126]",1,[2],True,888,1,16,889,2,4,1,[20],True
907,911,4,34,34,"[4, 6, 10, 12, 16, 22, 24, 30, 34, 36, 40, 42, 46, 52, 54, 60, 64, 66, 70, 72, 76, 82, 84, 90, 94, 96, 100, 102, 106, 112, 114, 120, 124, 126]",2,"[4, 6]",False,908,1,6,913,6,4,1,[4],True
911,919,8,35,35,"[2, 6, 8, 12, 18, 20, 26, 30, 32, 36, 38, 42, 48, 50, 56, 60, 62, 66, 68, 72, 78, 80, 86, 90, 92, 96, 98, 102, 108, 110, 116, 120, 122, 126, 128]",1,[2],True,912,1,20,913,2,4,1,[8],True
919,929,10,33,33,"[4, 10, 12, 18, 22, 24, 28, 30, 34, 40, 42, 48, 52, 54, 58, 60, 64, 70, 72, 78, 82, 84, 88, 90, 94, 100, 102, 108, 112, 114, 118, 120, 124]",0,[],True,920,1,16,921,2,4,1,[10],True
929,937,8,34,34,"[2, 8, 12, 14, 18, 20, 24, 30, 32, 38, 42, 44, 48, 50, 54, 60, 62, 68, 72, 74, 78, 80, 84, 90, 92, 98, 102, 104, 108, 110, 114, 120, 122, 128]",1,[2],True,930,1,16,931,2,6,1,[8],True
937,941,4,34,34,"[4, 6, 10, 12, 16, 22, 24, 30, 34, 36, 40, 42, 46, 52, 54, 60, 64, 66, 70, 72, 76, 82, 84, 90, 94, 96, 100, 102, 106, 112, 114, 120, 124, 126]",0,[],True,938,1,8,939,2,4,1,[4],True
941,947,6,35,35,"[2, 6, 8, 12, 18, 20, 26, 30, 32, 36, 38, 42, 48, 50, 56, 60, 62, 66, 68, 72, 78, 80, 86, 90, 92, 96, 98, 102, 108, 110, 116, 120, 122, 126, 128]",1,[2],True,942,1,8,943,2,4,1,[6],True
947,953,6,34,34,"[2, 6, 12, 14, 20, 24, 26, 30, 32, 36, 42, 44, 50, 54, 56, 60, 62, 66, 72, 74, 80, 84, 86, 90, 92, 96, 102, 104, 110, 114, 116, 120, 122, 126]",1,[2],True,948,1,12,949,2,4,1,[6],True
953,967,14,34,34,"[6, 8, 14, 18, 20, 24, 26, 30, 36, 38, 44, 48, 50, 54, 56, 60, 66, 68, 74, 78, 80, 84, 86, 90, 96, 98, 104, 108, 110, 114, 116, 120, 126, 128]",0,[],True,954,1,12,955,2,4,1,[14],True
967,971,4,34,34,"[4, 6, 10, 12, 16, 22, 24, 30, 34, 36, 40, 42, 46, 52, 54, 60, 64, 66, 70, 72, 76, 82, 84, 90, 94, 96, 100, 102, 106, 112, 114, 120, 124, 126]",0,[],True,968,1,12,969,2,8,1,[4],True
971,977,6,35,35,"[2, 6, 8, 12, 18, 20, 26, 30, 32, 36, 38, 42, 48, 50, 56, 60, 62, 66, 68, 72, 78, 80, 86, 90, 92, 96, 98, 102, 108, 110, 116, 120, 122, 126, 128]",1,[2],True,972,1,18,973,2,4,1,[6],True
977,983,6,34,34,"[2, 6, 12, 14, 20, 24, 26, 30, 32, 36, 42, 44, 50, 54, 56, 60, 62, 66, 72, 74, 80, 84, 86, 90, 92, 96, 102, 104, 110, 114, 116, 120, 122, 126]",1,[2],True,978,1,8,979,2,4,1,[6],True
983,991,8,34,34,"[6, 8, 14, 18, 20, 24, 26, 30, 36, 38, 44, 48, 50, 54, 56, 60, 66, 68, 74, 78, 80, 84, 86, 90, 96, 98, 104, 108, 110, 114, 116, 120, 126, 128]",0,[],True,984,1,16,985,2,4,1,[8],True
991,997,6,33,33,"[6, 10, 12, 16, 18, 22, 28, 30, 36, 40, 42, 46, 48, 52, 58, 60, 66, 70, 72, 76, 78, 82, 88, 90, 96, 100, 102, 106, 108, 112, 118, 120, 126]",0,[],True,992,1,12,993,2,4,1,[6],True
997,1009,12,34,34,"[4, 6, 10, 12, 16, 22, 24, 30, 34, 36, 40, 42, 46, 52, 54, 60, 64, 66, 70, 72, 76, 82, 84, 90, 94, 96, 100, 102, 106, 112, 114, 120, 124, 126]",34,"[4, 6, 10, 12, 16, 22, 24, 30, 34, 36, 40, 42, 46, 52, 54, 60, 64, 66, 70, 72, 76, 82, 84, 90, 94, 96, 100, 102, 106, 112, 114, 120, 124, 126]",False,998,1,4,,,,1,[12],True
