scale,p,chain_seed,q,chain_position_selected,has_false_preterminal_nodes,gwr_status,gwr_recovered_q,matches_terminal_q,error
1000000000000,999999999989,1000000000007,1000000000039,1,False,ok,1000000000039,True,
1000000000000,999999999961,999999999967,999999999989,1,False,ok,999999999989,True,
1000000000000,999999999863,999999999871,999999999877,1,False,ok,999999999877,True,
1000000000000,999999999767,999999999781,999999999847,7,True,ok,999999999847,True,
1000000000000,999999999707,999999999743,999999999767,2,True,ok,999999999767,True,
1000000000000,999999999617,999999999641,999999999673,3,True,ok,999999999673,True,
1000000000000,999999999577,999999999587,999999999589,1,False,ok,999999999589,True,
1000000000000,999999999529,999999999541,999999999571,2,True,ok,999999999571,True,
1000000000000,999999999391,999999999419,999999999457,1,False,ok,999999999457,True,
1000000000000,999999999331,999999999337,999999999359,1,False,ok,999999999359,True,
1000000000000,999999999287,999999999289,999999999293,1,False,ok,999999999293,True,
1000000000000,999999999161,999999999209,999999999247,2,True,ok,999999999247,True,
1000000000000,999999999143,999999999151,999999999161,1,False,ok,999999999161,True,
1000000000000,999999998867,999999998869,999999998939,2,True,ok,999999998939,True,
1000000000000,999999998801,999999998813,999999998821,1,False,ok,999999998821,True,
1000000000000,999999998611,999999998623,999999998713,4,True,ok,999999998713,True,
1000000000000,999999998533,999999998537,999999998567,3,True,ok,999999998567,True,
1000000000000,999999998513,999999998521,999999998527,1,False,ok,999999998527,True,
1000000000000,999999998461,999999998479,999999998497,1,False,ok,999999998497,True,
1000000000000,999999998401,999999998411,999999998429,2,True,ok,999999998429,True,
1000000000000,999999998311,999999998381,999999998399,1,False,ok,999999998399,True,
1000000000000,999999998237,999999998243,999999998281,2,True,ok,999999998281,True,
1000000000000,999999998227,999999998233,999999998237,1,False,ok,999999998237,True,
1000000000000,999999998203,999999998209,999999998227,1,False,ok,999999998227,True,
1000000000000,999999998183,999999998189,999999998191,1,False,ok,999999998191,True,
1000000000000,999999998069,999999998089,999999998141,2,True,ok,999999998141,True,
1000000000000,999999998021,999999998027,999999998047,2,True,ok,999999998047,True,
1000000000000,999999997939,999999997949,999999998021,4,True,ok,999999998021,True,
1000000000000,999999997831,999999997849,999999997907,5,True,ok,999999997907,True,
1000000000000,999999997679,999999997699,999999997721,1,False,ok,999999997721,True,
1000000000000,999999997589,999999997597,999999997603,1,False,ok,999999997603,True,
1000000000000,999999997517,999999997553,999999997589,2,True,ok,999999997589,True,
1000000000000,999999997459,999999997463,999999997517,4,True,ok,999999997517,True,
1000000000000,999999997433,999999997439,999999997459,2,True,ok,999999997459,True,
1000000000000,999999997397,999999997429,999999997433,1,False,ok,999999997433,True,
1000000000000,999999997391,999999997393,999999997397,1,False,ok,999999997397,True,
1000000000000,999999997343,999999997351,999999997391,3,True,ok,999999997391,True,
1000000000000,999999997277,999999997307,999999997327,1,False,ok,999999997327,True,
1000000000000,999999997201,999999997223,999999997259,2,True,ok,999999997259,True,
1000000000000,999999997163,999999997189,999999997201,1,False,ok,999999997201,True,
1000000000000,999999997147,999999997151,999999997163,1,False,ok,999999997163,True,
1000000000000,999999997103,999999997121,999999997147,2,True,ok,999999997147,True,
1000000000000,999999997013,999999997093,999999997103,2,True,ok,999999997103,True,
1000000000000,999999996901,999999996949,999999996977,1,False,ok,999999996977,True,
1000000000000,999999996881,999999996887,999999996889,1,False,ok,999999996889,True,
1000000000000,999999996823,999999996833,999999996881,2,True,ok,999999996881,True,
1000000000000,999999996701,999999996727,999999996739,1,False,ok,999999996739,True,
1000000000000,999999996581,999999996599,999999996601,1,False,ok,999999996601,True,
1000000000000,999999996473,999999996511,999999996581,2,True,ok,999999996581,True,
1000000000000,999999996371,999999996419,999999996449,1,False,ok,999999996449,True,
1000000000000,999999996211,999999996217,999999996223,1,False,ok,999999996223,True,
1000000000000,999999996137,999999996173,999999996197,1,False,ok,999999996197,True,
1000000000000,999999996097,999999996133,999999996137,1,False,ok,999999996137,True,
1000000000000,999999995993,999999996011,999999996097,5,True,ok,999999996097,True,
1000000000000,999999995899,999999995909,999999995933,1,False,ok,999999995933,True,
1000000000000,999999995773,999999995837,999999995857,1,False,ok,999999995857,True,
1000000000000,999999995653,999999995681,999999995711,3,True,ok,999999995711,True,
1000000000000,999999995581,999999995591,999999995653,5,True,ok,999999995653,True,
1000000000000,999999995537,999999995539,999999995573,2,True,ok,999999995573,True,
1000000000000,999999995497,999999995521,999999995537,1,False,ok,999999995537,True,
1000000000000,999999995429,999999995441,999999995461,1,False,ok,999999995461,True,
1000000000000,999999995383,999999995389,999999995413,1,False,ok,999999995413,True,
1000000000000,999999995237,999999995257,999999995299,1,False,ok,999999995299,True,
1000000000000,999999995207,999999995233,999999995237,1,False,ok,999999995237,True,
1000000000000,999999995177,999999995201,999999995207,1,False,ok,999999995207,True,
1000000000000,999999995147,999999995149,999999995177,2,True,ok,999999995177,True,
1000000000000,999999995131,999999995143,999999995147,1,False,ok,999999995147,True,
1000000000000,999999994909,999999994919,999999994937,1,False,ok,999999994937,True,
1000000000000,999999994897,999999994907,999999994909,1,False,ok,999999994909,True,
1000000000000,999999994823,999999994871,999999994897,1,False,ok,999999994897,True,
1000000000000,999999994781,999999994783,999999994793,1,False,ok,999999994793,True,
1000000000000,999999994769,999999994771,999999994781,1,False,ok,999999994781,True,
1000000000000,999999994729,999999994753,999999994769,1,False,ok,999999994769,True,
1000000000000,999999994687,999999994723,999999994729,1,False,ok,999999994729,True,
1000000000000,999999994639,999999994661,999999994687,1,False,ok,999999994687,True,
1000000000000,999999994583,999999994601,999999994603,1,False,ok,999999994603,True,
1000000000000,999999994517,999999994531,999999994579,2,True,ok,999999994579,True,
1000000000000,999999994471,999999994481,999999994493,1,False,ok,999999994493,True,
1000000000000,999999994457,999999994459,999999994463,1,False,ok,999999994463,True,
1000000000000,999999994379,999999994381,999999994403,2,True,ok,999999994403,True,
1000000000000,999999994361,999999994363,999999994379,1,False,ok,999999994379,True,
1000000000000,999999994319,999999994339,999999994361,2,True,ok,999999994361,True,
1000000000000,999999994127,999999994159,999999994163,1,False,ok,999999994163,True,
1000000000000,999999994087,999999994111,999999994117,1,False,ok,999999994117,True,
1000000000000,999999994009,999999994043,999999994087,3,True,ok,999999994087,True,
1000000000000,999999993929,999999993953,999999994009,3,True,ok,999999994009,True,
1000000000000,999999993871,999999993877,999999993899,3,True,ok,999999993899,True,
1000000000000,999999993793,999999993841,999999993847,1,False,ok,999999993847,True,
1000000000000,999999993749,999999993757,999999993763,1,False,ok,999999993763,True,
1000000000000,999999993653,999999993689,999999993749,3,True,ok,999999993749,True,
1000000000000,999999993481,999999993523,999999993557,1,False,ok,999999993557,True,
1000000000000,999999993389,999999993437,999999993467,1,False,ok,999999993467,True,
1000000000000,999999993361,999999993371,999999993389,2,True,ok,999999993389,True,
1000000000000,999999993287,999999993301,999999993361,2,True,ok,999999993361,True,
1000000000000,999999993259,999999993263,999999993287,1,False,ok,999999993287,True,
1000000000000,999999992977,999999992987,999999993029,1,False,ok,999999993029,True,
1000000000000,999999992941,999999992947,999999992977,1,False,ok,999999992977,True,
1000000000000,999999992843,999999992911,999999992941,2,True,ok,999999992941,True,
1000000000000,999999992743,999999992749,999999992843,4,True,ok,999999992843,True,
1000000000000,999999992647,999999992653,999999992731,4,True,ok,999999992731,True,
1000000000000,999999992539,999999992567,999999992611,2,True,ok,999999992611,True,
1000000000000,999999992447,999999992461,999999992531,3,True,ok,999999992531,True,
1000000000000000,999999999999989,1000000000000003,1000000000000037,3,True,ok,1000000000000037,True,
1000000000000000,999999999999947,999999999999967,999999999999989,1,False,ok,999999999999989,True,
1000000000000000,999999999999883,999999999999893,999999999999947,2,True,ok,999999999999947,True,
1000000000000000,999999999999877,999999999999881,999999999999883,1,False,ok,999999999999883,True,
1000000000000000,999999999999827,999999999999839,999999999999877,2,True,ok,999999999999877,True,
1000000000000000,999999999999809,999999999999817,999999999999827,1,False,ok,999999999999827,True,
1000000000000000,999999999999577,999999999999599,999999999999643,3,True,ok,999999999999643,True,
1000000000000000,999999999999521,999999999999551,999999999999571,1,False,ok,999999999999571,True,
1000000000000000,999999999999409,999999999999421,999999999999491,4,True,ok,999999999999491,True,
1000000000000000,999999999999353,999999999999361,999999999999389,2,True,ok,999999999999389,True,
1000000000000000,999999999999283,999999999999307,999999999999353,3,True,ok,999999999999353,True,
1000000000000000,999999999999199,999999999999271,999999999999283,2,True,ok,999999999999283,True,
1000000000000000,999999999999163,999999999999191,999999999999199,1,False,ok,999999999999199,True,
1000000000000000,999999999999109,999999999999113,999999999999163,3,True,ok,999999999999163,True,
1000000000000000,999999999999071,999999999999079,999999999999089,1,False,ok,999999999999089,True,
1000000000000000,999999999998939,999999999998953,999999999999043,2,True,ok,999999999999043,True,
1000000000000000,999999999998803,999999999998807,999999999998861,1,False,ok,999999999998861,True,
1000000000000000,999999999998761,999999999998771,999999999998803,2,True,ok,999999999998803,True,
1000000000000000,999999999998743,999999999998749,999999999998761,1,False,ok,999999999998761,True,
1000000000000000,999999999998711,999999999998723,999999999998729,1,False,error,,False,"ValueError: no d=6 witness exists in [999999999998723, 999999999998729)"
1000000000000000,999999999998627,999999999998641,999999999998711,4,True,ok,999999999998711,True,
1000000000000000,999999999998563,999999999998579,999999999998581,1,False,ok,999999999998581,True,
1000000000000000,999999999998533,999999999998537,999999999998563,1,False,ok,999999999998563,True,
1000000000000000,999999999998437,999999999998459,999999999998533,3,True,ok,999999999998533,True,
1000000000000000,999999999998411,999999999998423,999999999998437,1,False,error,,False,"ValueError: no d=4 witness exists in [999999999998423, 999999999998437)"
1000000000000000,999999999998353,999999999998369,999999999998383,1,False,ok,999999999998383,True,
1000000000000000,999999999998267,999999999998269,999999999998353,4,True,ok,999999999998353,True,
1000000000000000,999999999998231,999999999998243,999999999998267,1,False,ok,999999999998267,True,
1000000000000000,999999999998161,999999999998177,999999999998231,1,False,ok,999999999998231,True,
1000000000000000,999999999998141,999999999998143,999999999998161,2,True,ok,999999999998161,True,
1000000000000000,999999999998053,999999999998089,999999999998141,3,True,ok,999999999998141,True,
1000000000000000,999999999998039,999999999998047,999999999998053,1,False,ok,999999999998053,True,
1000000000000000,999999999998003,999999999998011,999999999998039,1,False,ok,999999999998039,True,
1000000000000000,999999999997969,999999999997981,999999999997993,1,False,ok,999999999997993,True,
1000000000000000,999999999997841,999999999997919,999999999997967,2,True,ok,999999999997967,True,
1000000000000000,999999999997771,999999999997781,999999999997811,2,True,ok,999999999997811,True,
1000000000000000,999999999997729,999999999997753,999999999997771,1,False,ok,999999999997771,True,
1000000000000000,999999999997699,999999999997711,999999999997729,1,False,ok,999999999997729,True,
1000000000000000,999999999997613,999999999997667,999999999997697,2,True,ok,999999999997697,True,
1000000000000000,999999999997573,999999999997577,999999999997613,1,False,ok,999999999997613,True,
1000000000000000,999999999997517,999999999997543,999999999997573,2,True,ok,999999999997573,True,
1000000000000000,999999999997337,999999999997367,999999999997463,5,True,ok,999999999997463,True,
1000000000000000,999999999997307,999999999997321,999999999997337,1,False,ok,999999999997337,True,
1000000000000000,999999999997099,999999999997121,999999999997153,3,True,ok,999999999997153,True,
1000000000000000,999999999997043,999999999997049,999999999997087,2,True,ok,999999999997087,True,
1000000000000000,999999999997003,999999999997007,999999999997043,2,True,ok,999999999997043,True,
1000000000000000,999999999996869,999999999996871,999999999996983,4,True,ok,999999999996983,True,
1000000000000000,999999999996493,999999999996533,999999999996583,4,True,ok,999999999996583,True,
1000000000000000,999999999996313,999999999996359,999999999996409,3,True,ok,999999999996409,True,
1000000000000000,999999999996293,999999999996307,999999999996311,1,False,error,,False,"ValueError: no d=4 witness exists in [999999999996307, 999999999996311)"
1000000000000000,999999999996181,999999999996199,999999999996253,1,False,ok,999999999996253,True,
1000000000000000,999999999996149,999999999996161,999999999996181,1,False,ok,999999999996181,True,
1000000000000000,999999999996083,999999999996089,999999999996149,5,True,ok,999999999996149,True,
1000000000000000,999999999995879,999999999995897,999999999995911,2,True,ok,999999999995911,True,
1000000000000000,999999999995851,999999999995861,999999999995879,1,False,ok,999999999995879,True,
1000000000000000,999999999995743,999999999995761,999999999995797,2,True,ok,999999999995797,True,
1000000000000000,999999999995629,999999999995651,999999999995669,1,False,ok,999999999995669,True,
1000000000000000,999999999995587,999999999995593,999999999995627,3,True,ok,999999999995627,True,
1000000000000000,999999999995539,999999999995543,999999999995567,1,False,ok,999999999995567,True,
1000000000000000,999999999995471,999999999995509,999999999995539,3,True,ok,999999999995539,True,
1000000000000000,999999999995453,999999999995461,999999999995471,1,False,ok,999999999995471,True,
1000000000000000,999999999995393,999999999995431,999999999995453,2,True,ok,999999999995453,True,
1000000000000000,999999999995371,999999999995389,999999999995393,1,False,ok,999999999995393,True,
1000000000000000,999999999995357,999999999995369,999999999995371,1,False,ok,999999999995371,True,
1000000000000000,999999999995327,999999999995329,999999999995357,1,False,ok,999999999995357,True,
1000000000000000,999999999995273,999999999995281,999999999995327,3,True,ok,999999999995327,True,
1000000000000000,999999999995179,999999999995197,999999999995273,3,True,ok,999999999995273,True,
1000000000000000,999999999995089,999999999995123,999999999995179,2,True,ok,999999999995179,True,
1000000000000000,999999999995021,999999999995047,999999999995069,2,True,ok,999999999995069,True,
1000000000000000,999999999994991,999999999995011,999999999995021,1,False,ok,999999999995021,True,
1000000000000000,999999999994901,999999999994913,999999999994991,4,True,ok,999999999994991,True,
1000000000000000,999999999994829,999999999994841,999999999994873,2,True,ok,999999999994873,True,
1000000000000000,999999999994813,999999999994823,999999999994829,1,False,ok,999999999994829,True,
1000000000000000,999999999994733,999999999994739,999999999994789,3,True,ok,999999999994789,True,
1000000000000000,999999999994687,999999999994711,999999999994727,1,False,ok,999999999994727,True,
1000000000000000,999999999994601,999999999994621,999999999994627,1,False,ok,999999999994627,True,
1000000000000000,999999999994511,999999999994519,999999999994537,1,False,ok,999999999994537,True,
1000000000000000,999999999994477,999999999994507,999999999994511,1,False,ok,999999999994511,True,
1000000000000000,999999999994451,999999999994453,999999999994477,3,True,ok,999999999994477,True,
1000000000000000,999999999994417,999999999994439,999999999994451,1,False,ok,999999999994451,True,
1000000000000000,999999999994379,999999999994381,999999999994417,4,True,ok,999999999994417,True,
1000000000000000,999999999994319,999999999994339,999999999994379,1,False,ok,999999999994379,True,
1000000000000000,999999999994267,999999999994279,999999999994309,1,False,ok,999999999994309,True,
1000000000000000,999999999994213,999999999994241,999999999994243,1,False,ok,999999999994243,True,
1000000000000000,999999999994129,999999999994169,999999999994207,2,True,ok,999999999994207,True,
1000000000000000,999999999994103,999999999994111,999999999994117,1,False,ok,999999999994117,True,
1000000000000000,999999999994063,999999999994067,999999999994103,3,True,ok,999999999994103,True,
1000000000000000,999999999993977,999999999993983,999999999994043,3,True,ok,999999999994043,True,
1000000000000000,999999999993937,999999999993961,999999999993971,1,False,ok,999999999993971,True,
1000000000000000,999999999993791,999999999993809,999999999993881,1,False,ok,999999999993881,True,
1000000000000000,999999999993727,999999999993733,999999999993791,1,False,ok,999999999993791,True,
1000000000000000,999999999993653,999999999993677,999999999993689,1,False,ok,999999999993689,True,
1000000000000000,999999999993629,999999999993637,999999999993649,1,False,ok,999999999993649,True,
1000000000000000,999999999993583,999999999993607,999999999993629,1,False,ok,999999999993629,True,
1000000000000000,999999999993557,999999999993563,999999999993569,1,False,ok,999999999993569,True,
1000000000000000,999999999993497,999999999993539,999999999993557,1,False,ok,999999999993557,True,
1000000000000000,999999999993473,999999999993479,999999999993497,2,True,ok,999999999993497,True,
1000000000000000,999999999993389,999999999993433,999999999993473,2,True,ok,999999999993473,True,
1000000000000000,999999999993331,999999999993349,999999999993377,1,False,ok,999999999993377,True,
1000000000000000,999999999993227,999999999993229,999999999993331,7,True,ok,999999999993331,True,
1000000000000000,999999999993217,999999999993221,999999999993227,2,True,ok,999999999993227,True,
1000000000000000,999999999993131,999999999993139,999999999993143,1,False,ok,999999999993143,True,
1000000000000000,999999999993109,999999999993121,999999999993131,1,False,ok,999999999993131,True,
1000000000000000,999999999993097,999999999993101,999999999993109,2,True,ok,999999999993109,True,
1000000000000000,999999999993089,999999999993091,999999999993097,1,False,ok,999999999993097,True,
1000000000000000,999999999993067,999999999993073,999999999993089,1,False,ok,999999999993089,True,
1000000000000000,999999999992999,999999999993011,999999999993067,4,True,ok,999999999993067,True,
1000000000000000,999999999992921,999999999992951,999999999992999,1,False,ok,999999999992999,True,
1000000000000000,999999999992659,999999999992663,999999999992687,1,False,ok,999999999992687,True,
1000000000000000,999999999992401,999999999992407,999999999992429,1,False,ok,999999999992429,True,
1000000000000000,999999999992339,999999999992351,999999999992353,1,False,ok,999999999992353,True,
1000000000000000,999999999992281,999999999992327,999999999992339,2,True,ok,999999999992339,True,
1000000000000000,999999999992143,999999999992177,999999999992197,1,False,ok,999999999992197,True,
1000000000000000,999999999992057,999999999992113,999999999992143,1,False,ok,999999999992143,True,
1000000000000000,999999999991973,999999999992023,999999999992041,2,True,ok,999999999992041,True,
1000000000000000,999999999991871,999999999991873,999999999991961,2,True,ok,999999999991961,True,
1000000000000000,999999999991823,999999999991831,999999999991847,2,True,ok,999999999991847,True,
1000000000000000,999999999991793,999999999991813,999999999991823,1,False,ok,999999999991823,True,
1000000000000000,999999999991697,999999999991703,999999999991721,1,False,ok,999999999991721,True,
1000000000000000,999999999991621,999999999991673,999999999991679,1,False,ok,999999999991679,True,
1000000000000000,999999999991523,999999999991549,999999999991621,2,True,ok,999999999991621,True,
1000000000000000,999999999991451,999999999991459,999999999991483,2,True,ok,999999999991483,True,
1000000000000000,999999999991411,999999999991429,999999999991441,1,False,ok,999999999991441,True,
1000000000000000,999999999991189,999999999991217,999999999991243,4,True,ok,999999999991243,True,
1000000000000000,999999999991127,999999999991151,999999999991189,1,False,ok,999999999991189,True,
1000000000000000,999999999991099,999999999991103,999999999991127,3,True,ok,999999999991127,True,
1000000000000000,999999999991067,999999999991079,999999999991099,2,True,ok,999999999991099,True,
1000000000000000,999999999991019,999999999991033,999999999991051,1,False,ok,999999999991051,True,
1000000000000000,999999999990977,999999999990989,999999999991019,1,False,ok,999999999991019,True,
1000000000000000,999999999990913,999999999990917,999999999990977,4,True,ok,999999999990977,True,
1000000000000000,999999999990883,999999999990899,999999999990913,2,True,ok,999999999990913,True,
1000000000000000,999999999990869,999999999990877,999999999990883,1,False,error,,False,"ValueError: no d=4 witness exists in [999999999990877, 999999999990883)"
1000000000000000,999999999990829,999999999990833,999999999990851,1,False,ok,999999999990851,True,
1000000000000000,999999999990799,999999999990821,999999999990829,1,False,ok,999999999990829,True,
1000000000000000,999999999990721,999999999990727,999999999990767,3,True,ok,999999999990767,True,
1000000000000000,999999999990697,999999999990709,999999999990721,1,False,ok,999999999990721,True,
1000000000000000,999999999990671,999999999990679,999999999990697,1,False,ok,999999999990697,True,
1000000000000000,999999999990577,999999999990599,999999999990659,4,True,ok,999999999990659,True,
1000000000000000,999999999990493,999999999990503,999999999990577,4,True,ok,999999999990577,True,
1000000000000000,999999999990461,999999999990463,999999999990493,1,False,ok,999999999990493,True,
1000000000000000,999999999990443,999999999990457,999999999990461,1,False,ok,999999999990461,True,
1000000000000000000,999999999999999967,999999999999999983,999999999999999989,1,False,ok,999999999999999989,True,
1000000000000000000,999999999999999877,999999999999999881,999999999999999967,1,False,ok,999999999999999967,True,
1000000000000000000,999999999999999829,999999999999999833,999999999999999863,2,True,ok,999999999999999863,True,
1000000000000000000,999999999999999749,999999999999999767,999999999999999829,4,True,ok,999999999999999829,True,
1000000000000000000,999999999999999709,999999999999999727,999999999999999737,1,False,ok,999999999999999737,True,
1000000000000000000,999999999999999637,999999999999999641,999999999999999709,6,True,ok,999999999999999709,True,
1000000000000000000,999999999999999613,999999999999999617,999999999999999631,1,False,ok,999999999999999631,True,
1000000000000000000,999999999999999569,999999999999999599,999999999999999601,1,False,error,,False,"ValueError: no d=4 witness exists in [999999999999999599, 999999999999999601)"
1000000000000000000,999999999999999539,999999999999999541,999999999999999569,4,True,ok,999999999999999569,True,
1000000000000000000,999999999999999487,999999999999999491,999999999999999503,1,False,ok,999999999999999503,True,
1000000000000000000,999999999999999419,999999999999999431,999999999999999443,1,False,ok,999999999999999443,True,
1000000000000000000,999999999999999359,999999999999999367,999999999999999371,1,False,ok,999999999999999371,True,
1000000000000000000,999999999999999331,999999999999999343,999999999999999359,1,False,ok,999999999999999359,True,
1000000000000000000,999999999999999161,999999999999999181,999999999999999283,4,True,ok,999999999999999283,True,
1000000000000000000,999999999999999121,999999999999999143,999999999999999157,1,False,ok,999999999999999157,True,
1000000000000000000,999999999999999079,999999999999999109,999999999999999121,2,True,ok,999999999999999121,True,
1000000000000000000,999999999999999073,999999999999999077,999999999999999079,1,False,ok,999999999999999079,True,
1000000000000000000,999999999999999023,999999999999999029,999999999999999073,3,True,ok,999999999999999073,True,
1000000000000000000,999999999999998989,999999999999998993,999999999999999023,1,False,ok,999999999999999023,True,
1000000000000000000,999999999999998939,999999999999998947,999999999999998989,2,True,ok,999999999999998989,True,
1000000000000000000,999999999999998867,999999999999998873,999999999999998927,2,True,ok,999999999999998927,True,
1000000000000000000,999999999999998759,999999999999998791,999999999999998867,3,True,ok,999999999999998867,True,
1000000000000000000,999999999999998653,999999999999998677,999999999999998743,4,True,ok,999999999999998743,True,
1000000000000000000,999999999999998581,999999999999998609,999999999999998651,3,True,ok,999999999999998651,True,
1000000000000000000,999999999999998539,999999999999998567,999999999999998581,1,False,ok,999999999999998581,True,
1000000000000000000,999999999999998443,999999999999998447,999999999999998539,8,True,ok,999999999999998539,True,
1000000000000000000,999999999999998321,999999999999998351,999999999999998443,5,True,ok,999999999999998443,True,
1000000000000000000,999999999999998273,999999999999998279,999999999999998321,1,False,ok,999999999999998321,True,
1000000000000000000,999999999999998237,999999999999998267,999999999999998269,1,False,ok,999999999999998269,True,
1000000000000000000,999999999999998171,999999999999998189,999999999999998227,2,True,ok,999999999999998227,True,
1000000000000000000,999999999999998143,999999999999998159,999999999999998167,2,True,ok,999999999999998167,True,
1000000000000000000,999999999999998027,999999999999998029,999999999999998143,7,True,ok,999999999999998143,True,
1000000000000000000,999999999999997961,999999999999997963,999999999999997993,1,False,ok,999999999999997993,True,
1000000000000000000,999999999999997901,999999999999997939,999999999999997943,1,False,ok,999999999999997943,True,
1000000000000000000,999999999999997883,999999999999997897,999999999999997901,1,False,ok,999999999999997901,True,
1000000000000000000,999999999999997817,999999999999997819,999999999999997831,2,True,ok,999999999999997831,True,
1000000000000000000,999999999999997751,999999999999997781,999999999999997817,1,False,ok,999999999999997817,True,
1000000000000000000,999999999999997651,999999999999997663,999999999999997751,6,True,ok,999999999999997751,True,
1000000000000000000,999999999999997589,999999999999997603,999999999999997651,1,False,ok,999999999999997651,True,
1000000000000000000,999999999999997499,999999999999997523,999999999999997589,3,True,ok,999999999999997589,True,
1000000000000000000,999999999999997457,999999999999997463,999999999999997471,1,False,ok,999999999999997471,True,
1000000000000000000,999999999999997313,999999999999997343,999999999999997427,5,True,ok,999999999999997427,True,
1000000000000000000,999999999999997207,999999999999997219,999999999999997313,3,True,ok,999999999999997313,True,
1000000000000000000,999999999999997133,999999999999997169,999999999999997189,2,True,ok,999999999999997189,True,
1000000000000000000,999999999999997121,999999999999997123,999999999999997133,1,False,ok,999999999999997133,True,
1000000000000000000,999999999999997057,999999999999997069,999999999999997079,1,False,ok,999999999999997079,True,
1000000000000000000,999999999999997033,999999999999997049,999999999999997057,1,False,ok,999999999999997057,True,
1000000000000000000,999999999999996967,999999999999996973,999999999999997013,2,True,ok,999999999999997013,True,
1000000000000000000,999999999999996917,999999999999996929,999999999999996967,1,False,ok,999999999999996967,True,
1000000000000000000,999999999999996881,999999999999996887,999999999999996917,3,True,ok,999999999999996917,True,
1000000000000000000,999999999999996847,999999999999996851,999999999999996871,1,False,ok,999999999999996871,True,
1000000000000000000,999999999999996839,999999999999996841,999999999999996847,1,False,ok,999999999999996847,True,
1000000000000000000,999999999999996701,999999999999996739,999999999999996757,1,False,ok,999999999999996757,True,
1000000000000000000,999999999999996659,999999999999996661,999999999999996673,1,False,ok,999999999999996673,True,
1000000000000000000,999999999999996553,999999999999996559,999999999999996647,3,True,ok,999999999999996647,True,
1000000000000000000,999999999999996467,999999999999996473,999999999999996553,8,True,ok,999999999999996553,True,
1000000000000000000,999999999999996409,999999999999996431,999999999999996461,3,True,ok,999999999999996461,True,
1000000000000000000,999999999999996361,999999999999996371,999999999999996383,1,False,ok,999999999999996383,True,
1000000000000000000,999999999999996337,999999999999996349,999999999999996353,1,False,ok,999999999999996353,True,
1000000000000000000,999999999999996263,999999999999996269,999999999999996329,2,True,ok,999999999999996329,True,
1000000000000000000,999999999999996251,999999999999996257,999999999999996263,1,False,ok,999999999999996263,True,
1000000000000000000,999999999999996209,999999999999996223,999999999999996251,3,True,ok,999999999999996251,True,
1000000000000000000,999999999999996119,999999999999996133,999999999999996209,3,True,ok,999999999999996209,True,
1000000000000000000,999999999999995947,999999999999995957,999999999999995963,1,False,ok,999999999999995963,True,
1000000000000000000,999999999999995809,999999999999995831,999999999999995833,1,False,ok,999999999999995833,True,
1000000000000000000,999999999999995737,999999999999995749,999999999999995783,3,True,ok,999999999999995783,True,
1000000000000000000,999999999999995717,999999999999995719,999999999999995737,1,False,ok,999999999999995737,True,
1000000000000000000,999999999999995671,999999999999995677,999999999999995681,1,False,ok,999999999999995681,True,
1000000000000000000,999999999999995573,999999999999995609,999999999999995671,7,True,ok,999999999999995671,True,
1000000000000000000,999999999999995563,999999999999995569,999999999999995573,1,False,ok,999999999999995573,True,
1000000000000000000,999999999999995539,999999999999995543,999999999999995549,1,False,ok,999999999999995549,True,
1000000000000000000,999999999999995419,999999999999995461,999999999999995513,3,True,ok,999999999999995513,True,
1000000000000000000,999999999999995341,999999999999995387,999999999999995419,2,True,ok,999999999999995419,True,
1000000000000000000,999999999999995261,999999999999995273,999999999999995333,2,True,ok,999999999999995333,True,
1000000000000000000,999999999999995231,999999999999995237,999999999999995261,1,False,ok,999999999999995261,True,
1000000000000000000,999999999999995149,999999999999995177,999999999999995231,4,True,ok,999999999999995231,True,
1000000000000000000,999999999999995131,999999999999995143,999999999999995149,2,True,ok,999999999999995149,True,
1000000000000000000,999999999999995083,999999999999995087,999999999999995131,4,True,ok,999999999999995131,True,
1000000000000000000,999999999999994849,999999999999994853,999999999999994897,2,True,ok,999999999999994897,True,
1000000000000000000,999999999999994837,999999999999994841,999999999999994843,1,False,ok,999999999999994843,True,
1000000000000000000,999999999999994727,999999999999994739,999999999999994823,6,True,ok,999999999999994823,True,
1000000000000000000,999999999999994657,999999999999994661,999999999999994727,3,True,ok,999999999999994727,True,
1000000000000000000,999999999999994573,999999999999994577,999999999999994619,3,True,ok,999999999999994619,True,
1000000000000000000,999999999999994481,999999999999994507,999999999999994561,1,False,ok,999999999999994561,True,
1000000000000000000,999999999999994361,999999999999994373,999999999999994481,5,True,ok,999999999999994481,True,
1000000000000000000,999999999999994339,999999999999994349,999999999999994351,1,False,ok,999999999999994351,True,
1000000000000000000,999999999999994297,999999999999994313,999999999999994339,2,True,ok,999999999999994339,True,
1000000000000000000,999999999999994211,999999999999994219,999999999999994237,1,False,ok,999999999999994237,True,
1000000000000000000,999999999999994193,999999999999994199,999999999999994211,1,False,ok,999999999999994211,True,
1000000000000000000,999999999999994117,999999999999994163,999999999999994193,2,True,ok,999999999999994193,True,
1000000000000000000,999999999999994073,999999999999994093,999999999999994111,1,False,ok,999999999999994111,True,
1000000000000000000,999999999999993989,999999999999993997,999999999999994073,6,True,ok,999999999999994073,True,
1000000000000000000,999999999999993683,999999999999993719,999999999999993779,2,True,ok,999999999999993779,True,
1000000000000000000,999999999999993647,999999999999993649,999999999999993679,3,True,ok,999999999999993679,True,
1000000000000000000,999999999999993571,999999999999993613,999999999999993647,4,True,ok,999999999999993647,True,
1000000000000000000,999999999999993281,999999999999993283,999999999999993341,1,False,ok,999999999999993341,True,
1000000000000000000,999999999999993269,999999999999993271,999999999999993281,2,True,ok,999999999999993281,True,
1000000000000000000,999999999999993173,999999999999993233,999999999999993269,4,True,ok,999999999999993269,True,
1000000000000000000,999999999999993103,999999999999993119,999999999999993173,1,False,ok,999999999999993173,True,
1000000000000000000,999999999999993019,999999999999993023,999999999999993077,6,True,ok,999999999999993077,True,
1000000000000000000,999999999999992939,999999999999992989,999999999999993011,1,False,ok,999999999999993011,True,
1000000000000000000,999999999999992917,999999999999992921,999999999999992939,2,True,ok,999999999999992939,True,
1000000000000000000,999999999999992617,999999999999992647,999999999999992681,3,True,ok,999999999999992681,True,
1000000000000000000,999999999999992603,999999999999992611,999999999999992617,1,False,ok,999999999999992617,True,
1000000000000000000,999999999999992581,999999999999992587,999999999999992603,1,False,ok,999999999999992603,True,
1000000000000000000,999999999999992503,999999999999992507,999999999999992543,3,True,ok,999999999999992543,True,
1000000000000000000,999999999999992473,999999999999992489,999999999999992503,1,False,ok,999999999999992503,True,
1000000000000000000,999999999999992417,999999999999992419,999999999999992449,1,False,ok,999999999999992449,True,
1000000000000000000,999999999999992333,999999999999992357,999999999999992417,4,True,ok,999999999999992417,True,
1000000000000000000,999999999999992219,999999999999992261,999999999999992293,4,True,ok,999999999999992293,True,
1000000000000000000,999999999999992177,999999999999992203,999999999999992207,1,False,ok,999999999999992207,True,
1000000000000000000,999999999999992141,999999999999992161,999999999999992177,1,False,ok,999999999999992177,True,
1000000000000000000,999999999999992099,999999999999992111,999999999999992141,2,True,ok,999999999999992141,True,
1000000000000000000,999999999999992053,999999999999992077,999999999999992099,1,False,ok,999999999999992099,True,
1000000000000000000,999999999999991997,999999999999992021,999999999999992053,1,False,ok,999999999999992053,True,
1000000000000000000,999999999999991847,999999999999991891,999999999999991967,2,True,ok,999999999999991967,True,
1000000000000000000,999999999999991841,999999999999991843,999999999999991847,1,False,ok,999999999999991847,True,
1000000000000000000,999999999999991813,999999999999991831,999999999999991841,1,False,ok,999999999999991841,True,
1000000000000000000,999999999999991769,999999999999991789,999999999999991813,2,True,ok,999999999999991813,True,
1000000000000000000,999999999999991657,999999999999991699,999999999999991717,2,True,ok,999999999999991717,True,
1000000000000000000,999999999999991597,999999999999991633,999999999999991657,1,False,ok,999999999999991657,True,
1000000000000000000,999999999999991511,999999999999991513,999999999999991597,5,True,ok,999999999999991597,True,
1000000000000000000,999999999999991493,999999999999991499,999999999999991511,1,False,ok,999999999999991511,True,
1000000000000000000,999999999999991423,999999999999991433,999999999999991493,1,False,ok,999999999999991493,True,
1000000000000000000,999999999999991271,999999999999991273,999999999999991391,4,True,ok,999999999999991391,True,
1000000000000000000,999999999999991223,999999999999991241,999999999999991271,2,True,ok,999999999999991271,True,
1000000000000000000,999999999999991189,999999999999991201,999999999999991223,2,True,ok,999999999999991223,True,
1000000000000000000,999999999999991099,999999999999991139,999999999999991153,2,True,ok,999999999999991153,True,
1000000000000000000,999999999999991079,999999999999991091,999999999999991099,2,True,ok,999999999999991099,True,
1000000000000000000,999999999999991037,999999999999991051,999999999999991079,3,True,ok,999999999999991079,True,
1000000000000000000,999999999999990961,999999999999990967,999999999999991037,2,True,ok,999999999999991037,True,
1000000000000000000,999999999999990877,999999999999990881,999999999999990961,3,True,ok,999999999999990961,True,
1000000000000000000,999999999999990713,999999999999990739,999999999999990833,7,True,ok,999999999999990833,True,
1000000000000000000,999999999999990593,999999999999990617,999999999999990623,1,False,error,,False,"ValueError: no d=4 witness exists in [999999999999990617, 999999999999990623)"
1000000000000000000,999999999999990551,999999999999990553,999999999999990593,3,True,ok,999999999999990593,True,
1000000000000000000,999999999999990323,999999999999990359,999999999999990401,5,True,ok,999999999999990401,True,
1000000000000000000,999999999999990203,999999999999990217,999999999999990323,8,True,ok,999999999999990323,True,
1000000000000000000,999999999999990151,999999999999990163,999999999999990169,1,False,ok,999999999999990169,True,
1000000000000000000,999999999999990113,999999999999990133,999999999999990151,1,False,ok,999999999999990151,True,
1000000000000000000,999999999999990071,999999999999990097,999999999999990107,1,False,error,,False,"ValueError: no d=4 witness exists in [999999999999990097, 999999999999990107)"
1000000000000000000,999999999999989969,999999999999989983,999999999999989999,1,False,ok,999999999999989999,True,
1000000000000000000,999999999999989951,999999999999989957,999999999999989969,1,False,ok,999999999999989969,True,
1000000000000000000,999999999999989893,999999999999989927,999999999999989951,1,False,ok,999999999999989951,True,
1000000000000000000,999999999999989867,999999999999989881,999999999999989893,1,False,ok,999999999999989893,True,
1000000000000000000,999999999999989759,999999999999989789,999999999999989801,2,True,ok,999999999999989801,True,
