anchor_p,candidate_offset,old_carrier,old_carrier_offset,old_carrier_d,new_carrier,new_carrier_offset,new_carrier_d,actual_offset,reset_before_actual_boundary,reset_at_or_after_actual_boundary
11,6,12,1,6,14,3,4,2,False,True
11,18,14,3,4,25,14,3,2,False,True
13,16,14,1,4,25,12,3,4,False,True
17,6,18,1,6,21,4,4,2,False,True
17,12,21,4,4,25,8,3,2,False,True
19,10,21,2,4,25,6,3,4,False,True
29,8,30,1,8,33,4,4,2,False,True
29,24,33,4,4,49,20,3,2,False,True
31,22,33,2,4,49,18,3,6,False,True
37,16,38,1,4,49,12,3,4,False,True
41,6,42,1,8,46,5,4,2,False,True
41,12,46,5,4,49,8,3,2,False,True
43,10,46,3,4,49,6,3,4,False,True
47,6,48,1,10,49,2,3,6,True,False
53,74,55,2,4,121,68,3,6,False,True
59,8,60,1,12,62,3,4,2,False,True
59,68,62,3,4,121,62,3,2,False,True
61,66,62,1,4,121,60,3,6,False,True
67,60,69,2,4,121,54,3,4,False,True
71,6,72,1,12,74,3,4,2,False,True
71,56,74,3,4,121,50,3,2,False,True
73,54,74,1,4,121,48,3,6,False,True
79,48,82,3,4,121,42,3,4,False,True
83,44,85,2,4,121,38,3,6,False,True
89,8,90,1,12,91,2,4,8,True,False
89,38,91,2,4,121,32,3,8,False,True
97,10,98,1,6,106,9,4,4,False,True
97,30,106,9,4,121,24,3,4,False,True
101,6,102,1,8,106,5,4,2,False,True
101,26,106,5,4,121,20,3,2,False,True
103,24,106,3,4,121,18,3,4,False,True
107,6,108,1,12,111,4,4,2,False,True
107,20,111,4,4,121,14,3,2,False,True
109,18,111,2,4,121,12,3,4,False,True
113,14,115,2,4,121,8,3,14,True,False
127,46,129,2,4,169,42,3,4,False,True
131,6,132,1,12,133,2,4,6,True,False
131,42,133,2,4,169,38,3,6,False,True
137,6,138,1,8,141,4,4,2,False,True
137,36,141,4,4,169,32,3,2,False,True
139,34,141,2,4,169,30,3,10,False,True
149,8,150,1,12,155,6,4,2,False,True
149,24,155,6,4,169,20,3,2,False,True
151,22,155,4,4,169,18,3,6,False,True
157,16,158,1,4,169,12,3,6,False,True
163,10,166,3,4,169,6,3,4,False,True
167,6,168,1,16,169,2,3,6,True,False
173,120,177,4,4,289,116,3,6,False,True
179,8,180,1,18,183,4,4,2,False,True
179,114,183,4,4,289,110,3,2,False,True
181,112,183,2,4,289,108,3,10,False,True
191,6,192,1,14,194,3,4,2,False,True
191,102,194,3,4,289,98,3,2,False,True
193,100,194,1,4,289,96,3,4,False,True
197,6,198,1,12,201,4,4,2,False,True
197,96,201,4,4,289,92,3,2,False,True
199,94,201,2,4,289,90,3,12,False,True
211,82,213,2,4,289,78,3,12,False,True
223,70,226,3,4,289,66,3,4,False,True
227,6,228,1,12,230,3,8,2,False,True
227,12,230,3,8,235,8,4,2,False,True
227,66,235,8,4,289,62,3,2,False,True
229,10,230,1,8,235,6,4,4,False,True
229,64,235,6,4,289,60,3,4,False,True
233,60,235,2,4,289,56,3,6,False,True
239,8,240,1,20,242,3,6,2,False,True
239,12,242,3,6,247,8,4,2,False,True
239,54,247,8,4,289,50,3,2,False,True
241,10,242,1,6,247,6,4,10,True,False
241,52,247,6,4,289,48,3,10,False,True
251,6,252,1,18,253,2,4,6,True,False
251,42,253,2,4,289,38,3,6,False,True
257,6,258,1,8,259,2,4,6,True,False
257,36,259,2,4,289,32,3,6,False,True
263,30,265,2,4,289,26,3,6,False,True
269,8,270,1,16,274,5,4,2,False,True
269,24,274,5,4,289,20,3,2,False,True
271,22,274,3,4,289,18,3,6,False,True
277,16,278,1,4,289,12,3,4,False,True
281,6,282,1,8,284,3,6,2,False,True
281,8,284,3,6,287,6,4,2,False,True
281,12,287,6,4,289,8,3,2,False,True
283,6,284,1,6,287,4,4,10,True,False
283,10,287,4,4,289,6,3,10,True,False
293,74,295,2,4,361,68,3,14,False,True
307,60,309,2,4,361,54,3,4,False,True
311,6,312,1,16,314,3,4,2,False,True
311,56,314,3,4,361,50,3,2,False,True
313,54,314,1,4,361,48,3,4,False,True
317,6,318,1,8,319,2,4,14,True,False
317,50,319,2,4,361,44,3,14,False,True
331,36,334,3,4,361,30,3,6,False,True
337,30,339,2,4,361,24,3,10,False,True
347,6,348,1,12,351,4,8,2,False,True
347,12,351,4,8,355,8,4,2,False,True
347,20,355,8,4,361,14,3,2,False,True
349,10,351,2,8,355,6,4,4,False,True
349,18,355,6,4,361,12,3,4,False,True
353,14,355,2,4,361,8,3,6,False,True
359,8,360,1,24,361,2,3,8,True,False
367,6,369,2,6,371,4,4,6,True,False
373,6,374,1,8,377,4,4,6,True,False
389,8,390,1,16,391,2,4,8,True,False
401,6,402,1,8,403,2,4,8,True,False
409,124,411,2,4,529,120,3,10,False,True
419,8,420,1,24,422,3,4,2,False,True
419,114,422,3,4,529,110,3,2,False,True
421,112,422,1,4,529,108,3,10,False,True
431,6,432,1,20,436,5,6,2,False,True
431,8,436,5,6,437,6,4,2,False,True
431,102,437,6,4,529,98,3,2,False,True
433,6,436,3,6,437,4,4,6,True,False
433,100,437,4,4,529,96,3,6,False,True
439,10,442,3,8,445,6,4,4,False,True
439,94,445,6,4,529,90,3,4,False,True
443,90,445,2,4,529,86,3,6,False,True
449,8,450,1,18,451,2,4,8,True,False
449,84,451,2,4,529,80,3,8,False,True
457,76,458,1,4,529,72,3,4,False,True
461,6,462,1,16,466,5,4,2,False,True
461,72,466,5,4,529,68,3,2,False,True
463,70,466,3,4,529,66,3,4,False,True
467,6,468,1,18,469,2,4,12,True,False
467,66,469,2,4,529,62,3,12,False,True
479,8,480,1,24,481,2,4,8,True,False
479,54,481,2,4,529,50,3,8,False,True
487,46,489,2,4,529,42,3,4,False,True
491,6,492,1,12,493,2,4,8,True,False
491,42,493,2,4,529,38,3,8,False,True
499,34,501,2,4,529,30,3,4,False,True
503,30,505,2,4,529,26,3,6,False,True
509,8,510,1,16,511,2,4,12,True,False
509,24,511,2,4,529,20,3,12,False,True
521,6,522,1,12,526,5,4,2,False,True
521,12,526,5,4,529,8,3,2,False,True
523,10,526,3,4,529,6,3,18,True,False
547,6,548,1,6,551,4,4,10,True,False
557,6,558,1,12,559,2,4,6,True,False
569,8,570,1,16,573,4,4,2,False,True
587,6,588,1,18,589,2,4,6,True,False
599,8,600,1,24,603,4,6,2,False,True
599,14,603,4,6,611,12,4,2,False,True
601,12,603,2,6,611,10,4,6,False,True
607,6,609,2,8,611,4,4,6,True,False
617,6,618,1,8,622,5,4,2,False,True
641,12,642,1,8,649,8,4,2,False,True
643,10,645,2,8,649,6,4,4,False,True
647,6,648,1,20,649,2,4,6,True,False
659,8,660,1,24,662,3,4,2,False,True
677,6,678,1,8,679,2,4,6,True,False
701,6,702,1,16,703,2,4,8,True,False
709,10,711,2,6,713,4,4,10,True,False
719,8,720,1,30,721,2,4,8,True,False
719,128,721,2,4,841,122,3,8,False,True
727,6,729,2,7,731,4,4,6,True,False
727,120,731,4,4,841,114,3,6,False,True
733,114,734,1,4,841,108,3,6,False,True
739,10,741,2,8,745,6,4,4,False,True
739,108,745,6,4,841,102,3,4,False,True
743,104,745,2,4,841,98,3,8,False,True
751,96,753,2,4,841,90,3,6,False,True
757,90,758,1,4,841,84,3,4,False,True
761,6,762,1,8,763,2,4,8,True,False
761,86,763,2,4,841,80,3,8,False,True
769,78,771,2,4,841,72,3,4,False,True
773,74,778,5,4,841,68,3,14,False,True
787,60,789,2,4,841,54,3,10,False,True
797,6,798,1,16,799,2,4,12,True,False
797,50,799,2,4,841,44,3,12,False,True
809,8,810,1,20,813,4,4,2,False,True
809,38,813,4,4,841,32,3,2,False,True
811,36,813,2,4,841,30,3,10,False,True
821,12,822,1,8,831,10,4,2,False,True
821,26,831,10,4,841,20,3,2,False,True
823,10,824,1,8,831,8,4,4,False,True
823,24,831,8,4,841,18,3,4,False,True
827,6,828,1,18,831,4,4,2,False,True
827,20,831,4,4,841,14,3,2,False,True
829,18,831,2,4,841,12,3,10,False,True
839,8,840,1,32,841,2,3,14,True,False
853,10,854,1,8,862,9,4,4,False,True
853,114,862,9,4,961,108,3,4,False,True
857,6,858,1,16,862,5,4,2,False,True
857,110,862,5,4,961,104,3,2,False,True
859,108,862,3,4,961,102,3,4,False,True
863,104,865,2,4,961,98,3,14,False,True
877,90,878,1,4,961,84,3,4,False,True
881,6,882,1,18,886,5,4,2,False,True
881,86,886,5,4,961,80,3,2,False,True
883,84,886,3,4,961,78,3,4,False,True
887,6,888,1,16,889,2,4,20,True,False
887,80,889,2,4,961,74,3,20,False,True
907,10,908,1,6,913,6,4,4,False,True
907,60,913,6,4,961,54,3,4,False,True
911,6,912,1,20,913,2,4,8,True,False
911,56,913,2,4,961,50,3,8,False,True
919,48,921,2,4,961,42,3,10,False,True
929,8,930,1,16,933,4,4,8,True,False
929,38,933,4,4,961,32,3,8,False,True
937,30,939,2,4,961,24,3,4,False,True
941,6,942,1,8,943,2,4,6,True,False
941,26,943,2,4,961,20,3,6,False,True
947,6,948,1,12,949,2,4,6,True,False
947,20,949,2,4,961,14,3,6,False,True
953,14,955,2,4,961,8,3,14,True,False
967,10,969,2,8,973,6,4,4,False,True
971,6,972,1,18,973,2,4,6,True,False
977,6,978,1,8,979,2,4,6,True,False
1019,8,1020,1,24,1025,6,6,2,False,True
1019,12,1025,6,6,1027,8,4,2,False,True
1021,10,1025,4,6,1027,6,4,10,True,False
1031,6,1032,1,16,1034,3,8,2,False,True
1031,8,1034,3,8,1037,6,4,2,False,True
1033,6,1034,1,8,1037,4,4,6,True,False
1049,8,1050,1,24,1055,6,4,2,False,True
1061,6,1062,1,12,1065,4,8,2,False,True
1061,8,1065,4,8,1067,6,4,2,False,True
1063,6,1065,2,8,1067,4,4,6,True,False
1069,10,1070,1,8,1073,4,4,18,True,False
1087,10,1090,3,8,1094,7,4,4,False,True
1091,6,1092,1,24,1094,3,4,2,False,True
1097,6,1098,1,12,1099,2,4,6,True,False
1103,14,1108,5,6,1111,8,4,6,False,True
1109,8,1110,1,16,1111,2,4,8,True,False
1129,10,1132,3,6,1133,4,4,22,True,False
1151,6,1152,1,24,1154,3,4,2,False,True
1181,6,1182,1,8,1186,5,4,6,True,False
1187,6,1188,1,24,1189,2,4,6,True,False
1217,6,1218,1,16,1219,2,4,6,True,False
1229,8,1230,1,16,1234,5,4,2,False,True
1249,10,1251,2,6,1253,4,4,10,True,False
1249,124,1253,4,4,1369,120,3,10,False,True
1259,8,1260,1,36,1261,2,4,18,True,False
1259,114,1261,2,4,1369,110,3,18,False,True
1277,6,1278,1,12,1282,5,4,2,False,True
1277,96,1282,5,4,1369,92,3,2,False,True
1279,94,1282,3,4,1369,90,3,4,False,True
1283,90,1285,2,4,1369,86,3,6,False,True
1289,8,1290,1,16,1293,4,4,2,False,True
1289,84,1293,4,4,1369,80,3,2,False,True
1291,82,1293,2,4,1369,78,3,6,False,True
1297,76,1299,2,4,1369,72,3,4,False,True
1301,6,1302,1,16,1306,5,4,2,False,True
1301,72,1306,5,4,1369,68,3,2,False,True
1303,70,1306,3,4,1369,66,3,4,False,True
1307,6,1308,1,12,1309,2,8,12,True,False
1307,12,1309,2,8,1313,6,4,12,True,False
1307,66,1313,6,4,1369,62,3,12,False,True
1319,8,1320,1,32,1322,3,4,2,False,True
1319,54,1322,3,4,1369,50,3,2,False,True
1321,52,1322,1,4,1369,48,3,6,False,True
1327,46,1329,2,4,1369,42,3,34,False,True
1361,6,1362,1,8,1363,2,4,6,True,False
1361,12,1363,2,4,1369,8,3,6,False,True
1367,6,1368,1,24,1369,2,3,6,True,False
1373,8,1374,1,8,1379,6,4,8,True,False
1409,8,1410,1,16,1411,2,4,14,True,False
1423,16,1426,3,8,1437,14,4,4,False,True
1427,6,1428,1,24,1431,4,8,2,False,True
1427,12,1431,4,8,1437,10,4,2,False,True
1429,10,1431,2,8,1437,8,4,4,False,True
1439,8,1440,1,36,1441,2,4,8,True,False
1447,10,1448,1,8,1454,7,4,4,False,True
1451,6,1452,1,18,1454,3,4,2,False,True
1481,6,1482,1,16,1486,5,4,2,False,True
1487,6,1488,1,20,1492,5,6,2,False,True
1487,12,1492,5,6,1497,10,4,2,False,True
1489,10,1492,3,6,1497,8,4,4,False,True
1499,8,1500,1,24,1501,2,4,12,True,False
1511,6,1512,1,32,1513,2,4,12,True,False
1549,10,1551,2,8,1555,6,4,4,False,True
1559,8,1560,1,32,1561,2,4,8,True,False
1559,128,1561,2,4,1681,122,3,8,False,True
1567,120,1569,2,4,1681,114,3,4,False,True
1571,6,1572,1,12,1574,3,4,8,True,False
1571,116,1574,3,4,1681,110,3,8,False,True
1579,10,1581,2,8,1585,6,4,4,False,True
1579,108,1585,6,4,1681,102,3,4,False,True
1583,104,1585,2,4,1681,98,3,14,False,True
1597,10,1598,1,8,1603,6,4,4,False,True
1597,90,1603,6,4,1681,84,3,4,False,True
1601,6,1602,1,12,1603,2,4,6,True,False
1601,86,1603,2,4,1681,80,3,6,False,True
1607,6,1608,1,16,1611,4,6,2,False,True
1607,12,1611,4,6,1618,11,4,2,False,True
1607,80,1618,11,4,1681,74,3,2,False,True
1609,10,1611,2,6,1618,9,4,4,False,True
1609,78,1618,9,4,1681,72,3,4,False,True
1613,74,1618,5,4,1681,68,3,6,False,True
1619,8,1620,1,30,1622,3,4,2,False,True
1619,68,1622,3,4,1681,62,3,2,False,True
1621,66,1622,1,4,1681,60,3,6,False,True
1627,6,1629,2,6,1631,4,4,10,True,False
1627,60,1631,4,4,1681,54,3,10,False,True
1637,6,1638,1,24,1639,2,4,20,True,False
1637,50,1639,2,4,1681,44,3,20,False,True
1657,30,1658,1,4,1681,24,3,6,False,True
1663,10,1665,2,12,1671,8,4,4,False,True
1663,24,1671,8,4,1681,18,3,4,False,True
1667,6,1668,1,12,1671,4,4,2,False,True
1667,20,1671,4,4,1681,14,3,2,False,True
1669,18,1671,2,4,1681,12,3,24,True,False
1693,16,1695,2,8,1703,10,4,4,False,True
1697,12,1698,1,8,1703,6,4,2,False,True
1699,10,1702,3,8,1703,4,4,10,True,False
1709,8,1710,1,24,1711,2,4,12,True,False
1721,6,1722,1,16,1726,5,4,2,False,True
1733,120,1735,2,4,1849,116,3,8,False,True
1741,112,1745,4,4,1849,108,3,6,False,True
1747,6,1749,2,8,1751,4,4,6,True,False
1747,106,1751,4,4,1849,102,3,6,False,True
1753,100,1754,1,4,1849,96,3,6,False,True
1759,94,1761,2,4,1849,90,3,18,False,True
1777,76,1779,2,4,1849,72,3,6,False,True
1783,10,1784,1,8,1791,8,6,4,False,True
1783,16,1791,8,6,1793,10,4,4,False,True
1783,70,1793,10,4,1849,66,3,4,False,True
1787,6,1788,1,12,1791,4,6,2,False,True
1787,12,1791,4,6,1793,6,4,2,False,True
1787,66,1793,6,4,1849,62,3,2,False,True
1789,10,1791,2,6,1793,4,4,12,True,False
1789,64,1793,4,4,1849,60,3,12,False,True
1801,52,1803,2,4,1849,48,3,10,False,True
1811,6,1812,1,12,1814,3,4,12,True,False
1811,42,1814,3,4,1849,38,3,12,False,True
1823,8,1825,2,6,1829,6,4,8,True,False
1823,30,1829,6,4,1849,26,3,8,False,True
1831,22,1835,4,4,1849,18,3,16,False,True
1847,6,1848,1,32,1849,2,3,14,True,False
1867,10,1868,1,6,1874,7,4,4,False,True
1871,6,1872,1,30,1874,3,4,2,False,True
1877,6,1878,1,8,1882,5,4,2,False,True
1889,8,1890,1,32,1891,2,4,12,True,False
1901,6,1902,1,8,1903,2,4,6,True,False
1907,6,1908,1,18,1909,2,4,6,True,False
1931,6,1932,1,24,1934,3,4,2,False,True
1949,8,1950,1,24,1954,5,4,2,False,True
1979,8,1980,1,36,1981,2,4,8,True,False
1987,6,1990,3,8,1991,4,4,6,True,False
1997,6,1998,1,16,2001,4,8,2,False,True
1997,12,2001,4,8,2005,8,4,2,False,True
1999,10,2001,2,8,2005,6,4,4,False,True
2011,10,2012,1,6,2018,7,4,6,False,True
2027,6,2028,1,18,2031,4,4,2,False,True
2039,8,2040,1,32,2041,2,4,14,True,False
2053,6,2054,1,8,2057,4,6,10,True,False
2053,10,2057,4,6,2059,6,4,10,True,False
2069,8,2070,1,24,2071,2,4,12,True,False
2081,6,2082,1,8,2084,3,6,2,False,True
2081,18,2084,3,6,2095,14,4,2,False,True
2083,16,2084,1,6,2095,12,4,4,False,True
2087,6,2088,1,24,2092,5,6,2,False,True
2087,12,2092,5,6,2095,8,4,2,False,True
2087,126,2095,8,4,2209,122,3,2,False,True
2089,10,2092,3,6,2095,6,4,10,True,False
2089,124,2095,6,4,2209,120,3,10,False,True
2099,8,2100,1,36,2101,2,4,12,True,False
2099,114,2101,2,4,2209,110,3,12,False,True
2111,6,2112,1,28,2114,3,8,2,False,True
2111,8,2114,3,8,2117,6,4,2,False,True
2111,102,2117,6,4,2209,98,3,2,False,True
2113,6,2114,1,8,2117,4,4,16,True,False
2113,100,2117,4,4,2209,96,3,16,False,True
2129,8,2130,1,16,2133,4,8,2,False,True
2129,12,2133,4,8,2138,9,4,2,False,True
2129,84,2138,9,4,2209,80,3,2,False,True
2131,10,2133,2,8,2138,7,4,6,False,True
2131,82,2138,7,4,2209,78,3,6,False,True
2137,76,2138,1,4,2209,72,3,4,False,True
2141,6,2142,1,24,2146,5,8,2,False,True
2141,8,2146,5,8,2147,6,4,2,False,True
2141,72,2147,6,4,2209,68,3,2,False,True
2143,6,2146,3,8,2147,4,4,10,True,False
2143,70,2147,4,4,2209,66,3,10,False,True
2153,60,2155,2,4,2209,56,3,8,False,True
2161,52,2165,4,4,2209,48,3,18,False,True
2179,34,2181,2,4,2209,30,3,24,False,True
2203,10,2206,3,4,2209,6,3,4,False,True
2207,6,2208,1,24,2209,2,3,6,True,False
2221,10,2225,4,6,2227,6,4,16,True,False
2237,12,2238,1,8,2245,8,4,2,False,True
2239,10,2241,2,8,2245,6,4,4,False,True
2267,6,2268,1,30,2271,4,4,2,False,True
2273,8,2276,3,6,2279,6,4,8,True,False
2287,6,2289,2,8,2291,4,4,6,True,False
2293,10,2294,1,8,2302,9,4,4,False,True
2297,6,2298,1,8,2302,5,4,12,True,False
2309,8,2310,1,32,2315,6,4,2,False,True
2339,8,2340,1,36,2342,3,4,2,False,True
2347,10,2348,1,6,2353,6,4,4,False,True
2351,6,2352,1,30,2353,2,4,6,True,False
2357,6,2358,1,12,2359,2,4,14,True,False
2377,10,2378,1,8,2386,9,4,4,False,True
2381,6,2382,1,8,2386,5,4,2,False,True
2399,8,2400,1,36,2402,3,4,12,True,False
2411,6,2412,1,18,2413,2,4,6,True,False
2417,6,2418,1,16,2419,2,4,6,True,False
2437,10,2439,2,6,2443,6,4,4,False,True
2441,6,2442,1,16,2443,2,4,6,True,False
2447,6,2448,1,30,2449,2,4,12,True,False
2459,8,2460,1,24,2461,2,4,8,True,False
2477,6,2478,1,16,2479,2,4,26,True,False
2503,6,2504,1,8,2507,4,4,18,True,False
2521,16,2523,2,6,2533,12,4,10,False,True
2531,6,2532,1,12,2533,2,4,8,True,False
2539,10,2542,3,8,2545,6,4,4,False,True
2549,8,2550,1,24,2554,5,4,2,False,True
2579,8,2580,1,24,2581,2,4,12,True,False
2591,6,2592,1,30,2594,3,4,2,False,True
2609,8,2610,1,24,2611,2,4,8,True,False
2617,10,2619,2,8,2623,6,4,4,False,True
2621,6,2622,1,16,2623,2,4,12,True,False
2657,6,2658,1,8,2661,4,4,2,False,True
2663,8,2665,2,8,2669,6,4,8,True,False
2671,12,2675,4,6,2681,10,4,6,False,True
2677,6,2678,1,8,2681,4,4,6,True,False
2683,10,2685,2,8,2692,9,6,4,False,True
2683,24,2692,9,6,2701,18,4,4,False,True
2687,6,2688,1,32,2692,5,6,2,False,True
2687,20,2692,5,6,2701,14,4,2,False,True
2687,126,2701,14,4,2809,122,3,2,False,True
2689,18,2692,3,6,2701,12,4,4,False,True
2689,124,2701,12,4,2809,120,3,4,False,True
2693,14,2694,1,8,2701,8,4,6,False,True
2693,120,2701,8,4,2809,116,3,6,False,True
2699,8,2700,1,36,2701,2,4,8,True,False
2699,114,2701,2,4,2809,110,3,8,False,True
2707,16,2708,1,6,2721,14,4,4,False,True
2707,106,2721,14,4,2809,102,3,4,False,True
2711,6,2712,1,16,2714,3,8,2,False,True
2711,12,2714,3,8,2721,10,4,2,False,True
2711,102,2721,10,4,2809,98,3,2,False,True
2713,10,2714,1,8,2721,8,4,6,False,True
2713,100,2721,8,4,2809,96,3,6,False,True
2719,94,2721,2,4,2809,90,3,10,False,True
2729,8,2730,1,32,2733,4,4,2,False,True
2729,84,2733,4,4,2809,80,3,2,False,True
2731,82,2733,2,4,2809,78,3,10,False,True
2741,6,2742,1,8,2743,2,4,8,True,False
2741,72,2743,2,4,2809,68,3,8,False,True
2749,10,2751,2,8,2757,8,4,4,False,True
2749,64,2757,8,4,2809,60,3,4,False,True
2753,60,2757,4,4,2809,56,3,14,False,True
2767,6,2769,2,8,2771,4,4,10,True,False
2767,46,2771,4,4,2809,42,3,10,False,True
2777,6,2778,1,8,2779,2,4,12,True,False
2777,36,2779,2,4,2809,32,3,12,False,True
2789,8,2790,1,24,2792,3,8,2,False,True
2789,12,2792,3,8,2798,9,4,2,False,True
2789,24,2798,9,4,2809,20,3,2,False,True
2791,10,2792,1,8,2798,7,4,6,False,True
2791,22,2798,7,4,2809,18,3,6,False,True
2797,16,2798,1,4,2809,12,3,4,False,True
2801,6,2802,1,8,2804,3,6,2,False,True
2801,8,2804,3,6,2807,6,4,2,False,True
2801,12,2807,6,4,2809,8,3,2,False,True
2803,6,2804,1,6,2807,4,4,16,True,False
2803,10,2807,4,4,2809,6,3,16,True,False
2819,8,2820,1,24,2823,4,4,14,True,False
2833,10,2836,3,6,2839,6,4,4,False,True
2837,6,2838,1,16,2839,2,4,6,True,False
2861,6,2862,1,16,2863,2,4,18,True,False
2879,8,2880,1,42,2881,2,4,8,True,False
2887,6,2889,2,8,2891,4,6,10,True,False
2887,10,2891,4,6,2893,6,4,10,True,False
2897,6,2898,1,24,2899,2,4,6,True,False
2909,8,2910,1,16,2911,2,4,8,True,False
2927,6,2928,1,20,2929,2,4,12,True,False
2939,8,2940,1,36,2941,2,4,14,True,False
2953,10,2956,3,6,2959,6,4,4,False,True
2957,6,2958,1,16,2959,2,4,6,True,False
2969,8,2970,1,32,2973,4,4,2,False,True
2999,8,3000,1,32,3005,6,4,2,False,True
3011,6,3012,1,12,3013,2,4,8,True,False
3041,6,3042,1,18,3043,2,4,8,True,False
3049,10,3051,2,8,3053,4,4,12,True,False
3067,6,3070,3,8,3071,4,4,12,True,False
3079,10,3081,2,8,3085,6,4,4,False,True
3089,8,3090,1,16,3091,2,4,20,True,False
3109,10,3110,1,8,3113,4,4,10,True,False
3119,8,3120,1,40,3123,4,6,2,False,True
3119,12,3123,4,6,3127,8,4,2,False,True
3121,10,3123,2,6,3127,6,4,16,True,False
3137,6,3138,1,8,3139,2,4,26,True,False
3167,6,3168,1,36,3170,3,8,2,False,True
3167,12,3170,3,8,3173,6,4,2,False,True
3169,10,3170,1,8,3173,4,4,12,True,False
3191,6,3192,1,32,3193,2,4,12,True,False
3209,8,3210,1,16,3214,5,4,8,True,False
3221,6,3222,1,12,3223,2,4,8,True,False
3229,10,3231,2,6,3233,4,4,22,True,False
3251,6,3252,1,12,3254,3,4,2,False,True
3257,6,3258,1,12,3261,4,4,2,False,True
3299,8,3300,1,36,3305,6,4,2,False,True
3319,10,3322,3,8,3326,7,4,4,False,True
3329,8,3330,1,24,3334,5,4,2,False,True
3343,10,3345,2,8,3349,6,4,4,False,True
3347,6,3348,1,24,3349,2,4,12,True,False
3359,8,3360,1,48,3365,6,4,2,False,True
3359,128,3365,6,4,3481,122,3,2,False,True
3361,126,3365,4,4,3481,120,3,10,False,True
3371,6,3372,1,12,3374,3,8,2,False,True
3371,8,3374,3,8,3377,6,4,2,False,True
3371,116,3377,6,4,3481,110,3,2,False,True
3373,6,3374,1,8,3377,4,4,16,True,False
3373,114,3377,4,4,3481,108,3,16,False,True
3389,8,3390,1,16,3394,5,4,2,False,True
3389,98,3394,5,4,3481,92,3,2,False,True
3391,96,3394,3,4,3481,90,3,16,False,True
3407,6,3408,1,20,3409,2,4,6,True,False
3407,80,3409,2,4,3481,74,3,6,False,True
3413,74,3415,2,4,3481,68,3,20,False,True
3433,6,3436,3,6,3437,4,4,16,True,False
3433,54,3437,4,4,3481,48,3,16,False,True
3449,8,3450,1,24,3453,4,4,8,True,False
3449,38,3453,4,4,3481,32,3,8,False,True
3457,30,3459,2,4,3481,24,3,4,False,True
3461,6,3462,1,8,3466,5,4,2,False,True
3461,26,3466,5,4,3481,20,3,2,False,True
3463,24,3466,3,4,3481,18,3,4,False,True
3467,6,3468,1,18,3470,3,8,2,False,True
3467,12,3470,3,8,3473,6,4,2,False,True
3467,20,3473,6,4,3481,14,3,2,False,True
3469,10,3470,1,8,3473,4,4,22,True,False
3469,18,3473,4,4,3481,12,3,22,True,False
3491,6,3492,1,18,3493,2,4,8,True,False
3499,10,3501,2,6,3503,4,4,12,True,False
3527,6,3528,1,36,3532,5,6,2,False,True
3527,20,3532,5,6,3543,16,4,2,False,True
3529,18,3532,3,6,3543,14,4,4,False,True
3533,14,3535,2,8,3543,10,4,6,False,True
3539,8,3540,1,24,3543,4,4,2,False,True
3547,6,3548,1,6,3551,4,4,10,True,False
3557,6,3558,1,8,3561,4,4,2,False,True
3581,6,3582,1,12,3585,4,8,2,False,True
3581,8,3585,4,8,3587,6,4,2,False,True
3583,6,3585,2,8,3587,4,4,10,True,False
3607,6,3609,2,6,3611,4,4,6,True,False
3607,120,3611,4,4,3721,114,3,6,False,True
3613,10,3614,1,8,3622,9,4,4,False,True
3613,114,3622,9,4,3721,108,3,4,False,True
3617,6,3618,1,16,3622,5,4,6,True,False
3617,110,3622,5,4,3721,104,3,6,False,True
3623,8,3628,5,6,3629,6,4,8,True,False
3623,104,3629,6,4,3721,98,3,8,False,True
3631,96,3635,4,4,3721,90,3,6,False,True
3637,90,3639,2,4,3721,84,3,6,False,True
3643,84,3646,3,4,3721,78,3,16,False,True
3659,8,3660,1,24,3661,2,4,12,True,False
3659,68,3661,2,4,3721,62,3,12,False,True
3671,6,3672,1,32,3676,5,6,2,False,True
3671,12,3676,5,6,3679,8,4,2,False,True
3671,56,3679,8,4,3721,50,3,2,False,True
3673,10,3676,3,6,3679,6,4,4,False,True
3673,54,3679,6,4,3721,48,3,4,False,True
3677,6,3678,1,8,3679,2,4,14,True,False
3677,50,3679,2,4,3721,44,3,14,False,True
3691,36,3693,2,4,3721,30,3,6,False,True
3697,12,3698,1,6,3707,10,4,4,False,True
3697,30,3707,10,4,3721,24,3,4,False,True
3701,6,3702,1,8,3703,2,6,8,True,False
3701,8,3703,2,6,3707,6,4,8,True,False
3701,26,3707,6,4,3721,20,3,8,False,True
3709,18,3711,2,4,3721,12,3,10,False,True
3719,8,3720,1,32,3721,2,3,8,True,False
3727,10,3729,2,8,3734,7,4,6,False,True
3761,6,3762,1,24,3763,2,4,6,True,False
3767,6,3768,1,16,3771,4,6,2,False,True
3767,12,3771,4,6,3777,10,4,2,False,True
3769,10,3771,2,6,3777,8,4,10,True,False
3779,8,3780,1,48,3781,2,4,14,True,False
3793,10,3794,1,8,3799,6,4,4,False,True
3797,6,3798,1,12,3799,2,4,6,True,False
3821,6,3822,1,24,3826,5,4,2,False,True
3851,6,3852,1,18,3854,3,8,2,False,True
3851,12,3854,3,8,3859,8,4,2,False,True
3853,10,3854,1,8,3859,6,4,10,True,False
3877,10,3879,2,6,3883,6,4,4,False,True
3881,6,3882,1,8,3883,2,4,8,True,False
3911,6,3912,1,16,3913,2,8,6,True,False
3911,12,3913,2,8,3921,10,4,6,False,True
3917,6,3918,1,8,3921,4,4,2,False,True
3923,14,3925,2,6,3935,12,4,6,False,True
3929,8,3930,1,16,3935,6,4,2,False,True
3947,6,3948,1,24,3949,2,4,20,True,False
3967,6,3970,3,8,3971,4,6,22,True,False
3967,10,3971,4,6,3973,6,4,22,True,False
3989,8,3990,1,32,3991,2,4,12,True,False
4001,6,4002,1,16,4006,5,4,2,False,True
4007,6,4008,1,16,4009,2,4,6,True,False
4013,14,4015,2,8,4022,9,4,6,False,True
4019,8,4020,1,24,4022,3,4,2,False,True
4027,6,4029,2,8,4031,4,4,22,True,False
4049,8,4050,1,30,4054,5,4,2,False,True
4079,8,4080,1,40,4083,4,4,12,True,False
4091,6,4092,1,24,4094,3,8,2,False,True
4091,8,4094,3,8,4097,6,4,2,False,True
4093,6,4094,1,8,4097,4,4,6,True,False
4127,6,4128,1,24,4132,5,6,2,False,True
4127,12,4132,5,6,4135,8,4,2,False,True
4129,10,4132,3,6,4135,6,4,4,False,True
4139,8,4140,1,36,4141,2,4,14,True,False
4153,10,4156,3,6,4162,9,4,4,False,True
4157,6,4158,1,32,4162,5,4,2,False,True
4201,10,4203,2,6,4207,6,4,10,True,False
4211,6,4212,1,30,4213,2,4,6,True,False
4217,6,4218,1,16,4222,5,4,2,False,True
4229,8,4230,1,24,4233,4,8,2,False,True
4229,12,4233,4,8,4237,8,4,2,False,True
4231,10,4233,2,8,4237,6,4,10,True,False
4241,6,4242,1,16,4244,3,6,2,False,True
4241,8,4244,3,6,4247,6,4,2,False,True
4243,6,4244,1,6,4247,4,4,10,True,False
4259,8,4260,1,24,4262,3,4,2,False,True
4271,6,4272,1,20,4274,3,4,2,False,True
4289,8,4290,1,32,4291,2,4,8,True,False
4327,6,4328,1,8,4331,4,4,10,True,False
4337,6,4338,1,12,4341,4,4,2,False,True
4349,8,4350,1,24,4351,2,4,8,True,False
4363,6,4364,1,6,4367,4,4,10,True,False
4373,120,4377,4,4,4489,116,3,18,False,True
4391,6,4392,1,24,4393,2,4,6,True,False
4391,102,4393,2,4,4489,98,3,6,False,True
4397,6,4398,1,8,4399,2,4,12,True,False
4397,96,4399,2,4,4489,92,3,12,False,True
4409,8,4410,1,36,4411,2,4,12,True,False
4409,84,4411,2,4,4489,80,3,12,False,True
4421,6,4422,1,16,4426,5,4,2,False,True
4421,72,4426,5,4,4489,68,3,2,False,True
4423,70,4426,3,4,4489,66,3,18,False,True
4441,52,4442,1,4,4489,48,3,6,False,True
4447,46,4449,2,4,4489,42,3,4,False,True
4451,6,4452,1,24,4453,2,4,6,True,False
4451,42,4453,2,4,4489,38,3,6,False,True
4457,6,4458,1,8,4461,4,4,6,True,False
4457,36,4461,4,4,4489,32,3,6,False,True
4463,30,4467,4,4,4489,26,3,18,False,True
4481,6,4482,1,16,4486,5,4,2,False,True
4481,12,4486,5,4,4489,8,3,2,False,True
4483,10,4486,3,4,4489,6,3,10,True,False
4507,6,4509,2,8,4511,4,4,6,True,False
4513,18,4516,3,6,4529,16,4,4,False,True
4517,6,4518,1,12,4521,4,8,2,False,True
4517,12,4521,4,8,4525,8,6,2,False,True
4517,14,4525,8,6,4529,12,4,2,False,True
4519,10,4521,2,8,4525,6,6,4,False,True
4519,12,4525,6,6,4529,10,4,4,False,True
4523,8,4525,2,6,4529,6,4,24,True,False
4547,6,4548,1,12,4551,4,8,2,False,True
4547,12,4551,4,8,4553,6,4,2,False,True
4549,10,4551,2,8,4553,4,4,12,True,False
4597,6,4598,1,12,4601,4,4,6,True,False
4603,6,4604,1,6,4607,4,4,18,True,False
4637,12,4638,1,8,4645,8,4,2,False,True
4639,10,4642,3,8,4645,6,4,4,False,True
4649,8,4650,1,24,4652,3,6,2,False,True
4649,12,4652,3,6,4659,10,4,2,False,True
4651,10,4652,1,6,4659,8,4,6,False,True
4679,8,4680,1,48,4681,2,4,12,True,False
4691,6,4692,1,24,4694,3,4,12,True,False
4721,6,4722,1,8,4724,3,6,2,False,True
4721,8,4724,3,6,4727,6,4,2,False,True
4723,6,4724,1,6,4727,4,4,6,True,False
4729,10,4731,2,8,4735,6,4,4,False,True
4751,6,4752,1,40,4754,3,4,8,True,False
4787,6,4788,1,36,4791,4,4,2,False,True
4799,8,4800,1,42,4803,4,4,2,False,True
4813,10,4814,1,8,4819,6,4,4,False,True
4817,6,4818,1,16,4819,2,4,14,True,False
4871,6,4872,1,32,4873,2,4,6,True,False
4877,6,4878,1,12,4881,4,4,12,True,False
4889,8,4890,1,16,4891,2,4,14,True,False
4903,6,4904,1,8,4907,4,4,6,True,False
4919,8,4920,1,32,4923,4,6,12,True,False
4919,12,4923,4,6,4927,8,4,12,True,False
4919,128,4927,8,4,5041,122,3,12,False,True
4931,6,4932,1,18,4934,3,4,2,False,True
4931,116,4934,3,4,5041,110,3,2,False,True
4933,114,4934,1,4,5041,108,3,4,False,True
4937,6,4938,1,8,4939,2,4,6,True,False
4937,110,4939,2,4,5041,104,3,6,False,True
4943,104,4946,3,4,5041,98,3,8,False,True
4951,96,4954,3,4,5041,90,3,6,False,True
4957,6,4958,1,8,4961,4,6,10,True,False
4957,10,4961,4,6,4963,6,4,10,True,False
4957,90,4963,6,4,5041,84,3,10,False,True
4967,6,4968,1,32,4971,4,4,2,False,True
4967,80,4971,4,4,5041,74,3,2,False,True
4969,78,4971,2,4,5041,72,3,4,False,True
4973,8,4975,2,6,4979,6,4,14,True,False
4973,74,4979,6,4,5041,68,3,14,False,True
4987,60,4989,2,4,5041,54,3,6,False,True
4993,6,4996,3,6,4997,4,4,6,True,False
4993,54,4997,4,4,5041,48,3,6,False,True
4999,48,5001,2,4,5041,42,3,4,False,True
5003,44,5006,3,4,5041,38,3,6,False,True
5009,8,5010,1,16,5013,4,6,2,False,True
5009,12,5013,4,6,5017,8,4,2,False,True
5009,38,5017,8,4,5041,32,3,2,False,True
5011,10,5013,2,6,5017,6,4,10,True,False
5011,36,5017,6,4,5041,30,3,10,False,True
5021,6,5022,1,20,5026,5,8,2,False,True
5021,8,5026,5,8,5027,6,4,2,False,True
5021,26,5027,6,4,5041,20,3,2,False,True
5023,6,5026,3,8,5027,4,4,16,True,False
5023,24,5027,4,4,5041,18,3,16,False,True
5039,8,5040,1,60,5041,2,3,12,True,False
5051,6,5052,1,12,5053,2,4,8,True,False
5081,6,5082,1,24,5086,5,4,6,True,False
5087,6,5088,1,24,5089,2,4,12,True,False
5099,8,5100,1,36,5102,3,4,2,False,True
5107,6,5108,1,6,5111,4,4,6,True,False
5119,10,5121,2,6,5123,4,4,28,True,False
5147,6,5148,1,36,5149,2,4,6,True,False
5171,6,5172,1,12,5173,2,4,8,True,False
5189,8,5190,1,16,5191,2,4,8,True,False
5209,10,5212,3,6,5213,4,4,18,True,False
5209,124,5213,4,4,5329,120,3,18,False,True
5227,10,5228,1,6,5234,7,4,4,False,True
5227,106,5234,7,4,5329,102,3,4,False,True
5231,6,5232,1,20,5234,3,4,2,False,True
5231,102,5234,3,4,5329,98,3,2,False,True
5233,100,5234,1,4,5329,96,3,4,False,True
5237,6,5238,1,16,5241,4,4,24,True,False
5237,96,5241,4,4,5329,92,3,24,False,True
5261,6,5262,1,8,5263,2,4,12,True,False
5261,72,5263,2,4,5329,68,3,12,False,True
5273,60,5277,4,4,5329,56,3,6,False,True
5279,8,5280,1,48,5283,4,6,2,False,True
5279,12,5283,4,6,5287,8,4,2,False,True
5279,54,5287,8,4,5329,50,3,2,False,True
5281,10,5283,2,6,5287,6,4,16,True,False
5281,52,5287,6,4,5329,48,3,16,False,True
5297,6,5298,1,8,5299,2,4,6,True,False
5297,36,5299,2,4,5329,32,3,6,False,True
5303,30,5305,2,4,5329,26,3,6,False,True
5309,8,5310,1,24,5311,2,4,14,True,False
5309,24,5311,2,4,5329,20,3,14,False,True
5323,10,5326,3,4,5329,6,3,10,True,False
5333,8,5337,4,6,5339,6,4,14,True,False
5351,6,5352,1,16,5353,2,4,30,True,False
5381,6,5382,1,24,5383,2,4,6,True,False
5387,6,5388,1,12,5389,2,4,6,True,False
5399,8,5400,1,48,5401,2,4,8,True,False
5407,6,5409,2,6,5411,4,4,6,True,False
5417,6,5418,1,24,5422,5,4,2,False,True
5441,6,5442,1,8,5444,3,6,2,False,True
5441,8,5444,3,6,5447,6,4,2,False,True
5443,6,5444,1,6,5447,4,4,6,True,False
5449,10,5451,2,8,5455,6,4,22,True,False
5471,6,5472,1,36,5473,2,4,6,True,False
5477,6,5478,1,16,5482,5,4,2,False,True
5501,6,5502,1,16,5506,5,4,2,False,True
5507,6,5508,1,30,5509,2,4,12,True,False
5519,8,5520,1,40,5524,5,6,2,False,True
5519,18,5524,5,6,5533,14,4,2,False,True
5521,16,5524,3,6,5533,12,4,6,False,True
5527,10,5528,1,8,5533,6,4,4,False,True
5531,6,5532,1,12,5533,2,4,26,True,False
5557,6,5558,1,8,5561,4,4,6,True,False
5563,6,5564,1,12,5567,4,4,6,True,False
5569,10,5571,2,6,5578,9,4,4,False,True
5591,6,5592,1,16,5594,3,4,32,True,False
5623,6,5626,3,8,5627,4,4,16,True,False
5639,8,5640,1,32,5645,6,4,2,False,True
5647,22,5649,2,8,5663,16,4,4,False,True
5651,6,5652,1,18,5654,3,8,2,False,True
5651,18,5654,3,8,5663,12,4,2,False,True
5653,16,5654,1,8,5663,10,4,4,False,True
5657,6,5658,1,16,5662,5,8,2,False,True
5657,12,5662,5,8,5663,6,4,2,False,True
5659,10,5662,3,8,5663,4,4,10,True,False
5669,8,5670,1,40,5671,2,4,14,True,False
5689,12,5692,3,6,5699,10,4,4,False,True
5693,8,5695,2,8,5699,6,4,8,True,False
5711,6,5712,1,40,5713,2,4,6,True,False
5717,6,5718,1,8,5721,4,4,20,True,False
5741,6,5742,1,24,5745,4,8,2,False,True
5741,8,5745,4,8,5747,6,4,2,False,True
5743,6,5745,2,8,5747,4,4,6,True,False
5749,10,5752,3,8,5753,4,4,30,True,False
5779,10,5781,2,8,5787,8,6,4,False,True
5779,12,5787,8,6,5789,10,4,4,False,True
5783,8,5787,4,6,5789,6,4,8,True,False
5801,6,5802,1,8,5803,2,4,6,True,False
5807,6,5808,1,30,5809,2,4,6,True,False
5821,16,5823,2,6,5833,12,4,6,False,True
5827,10,5829,2,8,5833,6,4,12,True,False
5839,10,5842,3,8,5847,8,4,4,False,True
5849,8,5850,1,36,5853,4,4,2,False,True
5857,22,5858,1,8,5873,16,4,4,False,True
5861,18,5862,1,8,5873,12,4,6,False,True
5867,6,5868,1,18,5870,3,8,2,False,True
5867,12,5870,3,8,5873,6,4,2,False,True
5869,10,5870,1,8,5873,4,4,10,True,False
5879,8,5880,1,48,5884,5,6,2,False,True
5879,14,5884,5,6,5891,12,4,2,False,True
5881,12,5884,3,6,5891,10,4,16,True,False
5897,6,5898,1,8,5899,2,4,6,True,False
5927,6,5928,1,32,5931,4,6,12,True,False
5927,12,5931,4,6,5933,6,4,12,True,False
5939,8,5940,1,48,5941,2,4,14,True,False
5953,10,5956,3,6,5959,6,4,28,True,False
5981,6,5982,1,8,5983,2,4,6,True,False
5987,6,5988,1,12,5989,2,4,20,True,False
6011,6,6012,1,18,6013,2,4,18,True,False
6029,8,6030,1,24,6031,2,4,8,True,False
6047,6,6048,1,48,6049,2,4,6,True,False
6053,8,6057,4,6,6059,6,4,14,True,False
6067,6,6070,3,8,6071,4,4,6,True,False
6089,8,6090,1,32,6092,3,6,2,False,True
6089,12,6092,3,6,6098,9,4,2,False,True
6091,10,6092,1,6,6098,7,4,10,True,False
6101,6,6102,1,16,6103,2,4,12,True,False
6121,126,6122,1,4,6241,120,3,10,False,True
6131,6,6132,1,24,6134,3,4,2,False,True
6131,116,6134,3,4,6241,110,3,2,False,True
6133,114,6134,1,4,6241,108,3,10,False,True
6143,104,6145,2,4,6241,98,3,8,False,True
6151,96,6155,4,4,6241,90,3,12,False,True
6163,84,6166,3,4,6241,78,3,10,False,True
6173,74,6178,5,4,6241,68,3,24,False,True
6197,12,6198,1,8,6207,10,4,2,False,True
6197,50,6207,10,4,6241,44,3,2,False,True
6199,10,6202,3,8,6207,8,4,4,False,True
6199,48,6207,8,4,6241,42,3,4,False,True
6203,44,6207,4,4,6241,38,3,8,False,True
6211,10,6212,1,6,6218,7,4,6,False,True
6211,36,6218,7,4,6241,30,3,6,False,True
6217,30,6218,1,4,6241,24,3,4,False,True
6221,6,6222,1,16,6223,2,6,8,True,False
6221,8,6223,2,6,6227,6,4,8,True,False
6221,26,6227,6,4,6241,20,3,8,False,True
6229,10,6231,2,8,6233,4,4,18,True,False
6229,18,6233,4,4,6241,12,3,18,True,False
6257,6,6258,1,16,6259,2,4,6,True,False
6269,8,6270,1,32,6274,5,4,2,False,True
6277,6,6278,1,8,6281,4,4,10,True,False
6287,6,6288,1,20,6289,2,4,12,True,False
6299,8,6300,1,54,6302,3,8,2,False,True
6299,12,6302,3,8,6309,10,6,2,False,True
6299,18,6309,10,6,6313,14,4,2,False,True
6301,10,6302,1,8,6309,8,6,10,True,False
6301,16,6309,8,6,6313,12,4,10,False,True
6311,6,6312,1,16,6313,2,4,6,True,False
6317,6,6318,1,24,6319,2,4,6,True,False
6329,8,6330,1,16,6331,2,4,8,True,False
6343,6,6346,3,8,6347,4,4,10,True,False
6353,14,6355,2,8,6362,9,4,6,False,True
6359,8,6360,1,32,6362,3,4,2,False,True
6367,6,6369,2,8,6371,4,4,6,True,False
6389,8,6390,1,24,6393,4,4,8,True,False
6397,6,6398,1,8,6401,4,4,24,True,False
6449,8,6450,1,24,6455,6,4,2,False,True
6469,18,6471,2,6,6483,14,4,4,False,True
6473,14,6476,3,6,6483,10,4,8,False,True
6491,6,6492,1,12,6493,2,4,30,True,False
6521,6,6522,1,8,6523,2,4,8,True,False
6529,10,6530,1,8,6533,4,4,18,True,False
6547,12,6548,1,6,6557,10,4,4,False,True
6551,6,6552,1,48,6554,3,8,2,False,True
6551,8,6554,3,8,6557,6,4,2,False,True
6553,6,6554,1,8,6557,4,4,10,True,False
6563,14,6565,2,8,6575,12,6,6,False,True
6563,24,6575,12,6,6583,20,4,6,False,True
6569,8,6570,1,24,6575,6,6,2,False,True
6569,18,6575,6,6,6583,14,4,2,False,True
6571,16,6575,4,6,6583,12,4,6,False,True
6577,6,6579,2,12,6582,5,8,4,False,True
6577,10,6582,5,8,6583,6,4,4,False,True
6581,6,6582,1,8,6583,2,4,18,True,False
6599,8,6600,1,48,6602,3,4,8,True,False
6659,8,6660,1,36,6662,3,4,2,False,True
6673,6,6676,3,6,6677,4,4,6,True,False
6679,10,6681,2,8,6683,4,4,10,True,False
6689,8,6690,1,16,6694,5,4,2,False,True
6701,8,6702,1,8,6707,6,4,2,False,True
6703,6,6706,3,8,6707,4,4,6,True,False
6719,8,6720,1,56,6722,3,4,14,True,False
6733,10,6735,2,8,6739,6,4,4,False,True
6737,6,6738,1,8,6739,2,4,24,True,False
6761,6,6762,1,24,6766,5,8,2,False,True
6761,8,6766,5,8,6767,6,4,2,False,True
6763,6,6766,3,8,6767,4,4,16,True,False
6779,8,6780,1,24,6782,3,4,2,False,True
6779,114,6782,3,4,6889,110,3,2,False,True
6781,112,6782,1,4,6889,108,3,10,False,True
6791,6,6792,1,16,6796,5,6,2,False,True
6791,8,6796,5,6,6797,6,4,2,False,True
6791,102,6797,6,4,6889,98,3,2,False,True
6793,6,6796,3,6,6797,4,4,10,True,False
6793,100,6797,4,4,6889,96,3,10,False,True
6803,90,6805,2,4,6889,86,3,20,False,True
6823,70,6826,3,4,6889,66,3,4,False,True
6827,6,6828,1,12,6830,3,8,2,False,True
6827,12,6830,3,8,6835,8,4,2,False,True
6827,66,6835,8,4,6889,62,3,2,False,True
6829,10,6830,1,8,6835,6,4,4,False,True
6829,64,6835,6,4,6889,60,3,4,False,True
6833,60,6835,2,4,6889,56,3,8,False,True
6841,52,6843,2,4,6889,48,3,16,False,True
6857,6,6858,1,16,6859,2,4,6,True,False
6857,36,6859,2,4,6889,32,3,6,False,True
6863,30,6865,2,4,6889,26,3,6,False,True
6869,8,6870,1,16,6872,3,8,2,False,True
6869,12,6872,3,8,6879,10,4,2,False,True
6869,24,6879,10,4,6889,20,3,2,False,True
6871,10,6872,1,8,6879,8,4,12,True,False
6871,22,6879,8,4,6889,18,3,12,False,True
6883,6,6884,1,6,6887,4,4,16,True,False
6883,10,6887,4,4,6889,6,3,16,True,False
6899,8,6900,1,36,6901,2,4,8,True,False
6907,10,6910,3,8,6913,6,4,4,False,True
6911,6,6912,1,36,6913,2,4,6,True,False
6917,6,6918,1,8,6922,5,4,30,True,False
6947,6,6948,1,18,6951,4,8,2,False,True
6947,12,6951,4,8,6953,6,4,2,False,True
6949,10,6951,2,8,6953,4,4,10,True,False
6959,8,6960,1,40,6962,3,6,2,False,True
6959,18,6962,3,6,6973,14,4,2,False,True
6961,16,6962,1,6,6973,12,4,6,False,True
6967,10,6969,2,8,6973,6,4,4,False,True
6971,6,6972,1,24,6973,2,4,6,True,False
6977,6,6978,1,8,6979,2,4,6,True,False
6983,8,6988,5,6,6989,6,4,8,True,False
7001,6,7002,1,12,7003,2,4,12,True,False
7019,8,7020,1,48,7022,3,4,8,True,False
7027,6,7028,1,12,7031,4,4,12,True,False
7079,8,7080,1,32,7081,2,4,24,True,False
7103,14,7108,5,6,7111,8,4,6,False,True
7109,8,7110,1,24,7111,2,4,12,True,False
7121,6,7122,1,8,7123,2,4,6,True,False
7127,6,7128,1,40,7131,4,4,2,False,True
7151,6,7152,1,20,7153,2,4,8,True,False
7187,6,7188,1,12,7189,2,8,6,True,False
7187,12,7189,2,8,7195,8,4,6,False,True
7207,10,7209,2,10,7214,7,4,4,False,True
7211,6,7212,1,12,7214,3,4,2,False,True
7219,10,7221,2,8,7223,4,4,10,True,False
7229,8,7230,1,16,7231,2,4,8,True,False
7237,6,7239,2,8,7241,4,4,6,True,False
7247,6,7248,1,20,7249,2,4,6,True,False
7297,10,7299,2,6,7303,6,4,10,True,False
7307,6,7308,1,36,7311,4,4,2,False,True
7331,6,7332,1,24,7334,3,8,2,False,True
7331,12,7334,3,8,7339,8,4,2,False,True
7333,10,7334,1,8,7339,6,4,16,True,False
7349,8,7350,1,36,7354,5,4,2,False,True
7369,10,7372,3,12,7373,4,4,24,True,False
7451,6,7452,1,30,7453,2,4,6,True,False
7457,6,7458,1,16,7461,4,6,2,False,True
7457,12,7461,4,6,7463,6,4,2,False,True
7459,10,7461,2,6,7463,4,4,18,True,False
7481,6,7482,1,16,7483,2,4,6,True,False
7487,6,7488,1,42,7492,5,6,2,False,True
7487,12,7492,5,6,7493,6,4,2,False,True
7489,10,7492,3,6,7493,4,4,10,True,False
7499,8,7500,1,30,7501,2,4,8,True,False
7517,6,7518,1,16,7519,2,4,6,True,False
7523,14,7526,3,8,7531,8,4,6,False,True
7529,8,7530,1,16,7531,2,4,8,True,False
7541,6,7542,1,12,7543,2,4,6,True,False
7547,6,7548,1,24,7551,4,6,2,False,True
7547,12,7551,4,6,7555,8,4,2,False,True
7549,10,7551,2,6,7555,6,4,10,True,False
7559,8,7560,1,64,7563,4,4,2,False,True
7573,16,7574,1,8,7586,13,4,4,False,True
7577,6,7578,1,12,7579,2,8,6,True,False
7577,12,7579,2,8,7586,9,4,6,False,True
7589,8,7590,1,32,7593,4,4,2,False,True
7607,6,7608,1,16,7609,2,4,14,True,False
7621,10,7622,1,8,7627,6,4,18,True,False
7649,8,7650,1,36,7651,2,4,20,True,False
7673,8,7675,2,6,7679,6,4,8,True,False
7681,16,7682,1,8,7694,13,4,6,False,True
7687,10,7689,2,8,7694,7,4,4,False,True
7691,6,7692,1,12,7694,3,4,8,True,False
7717,6,7718,1,8,7721,4,4,6,True,False
7727,6,7728,1,40,7729,2,4,14,True,False
7757,6,7758,1,12,7762,5,4,2,False,True
7789,10,7792,3,10,7795,6,4,4,False,True
7817,6,7818,1,8,7819,2,4,6,True,False
7817,110,7819,2,4,7921,104,3,6,False,True
7823,104,7827,4,4,7921,98,3,6,False,True
7829,8,7830,1,32,7831,2,4,12,True,False
7829,98,7831,2,4,7921,92,3,12,False,True
7841,6,7842,1,8,7846,5,4,12,True,False
7841,86,7846,5,4,7921,80,3,12,False,True
7853,74,7855,2,4,7921,68,3,14,False,True
7867,6,7869,2,8,7871,4,4,6,True,False
7867,60,7871,4,4,7921,54,3,6,False,True
7873,16,7874,1,8,7886,13,4,4,False,True
7873,54,7886,13,4,7921,48,3,4,False,True
7877,6,7878,1,16,7881,4,8,2,False,True
7877,12,7881,4,8,7886,9,4,2,False,True
7877,50,7886,9,4,7921,44,3,2,False,True
7879,10,7881,2,8,7886,7,4,4,False,True
7879,48,7886,7,4,7921,42,3,4,False,True
7883,44,7886,3,4,7921,38,3,18,False,True
7901,6,7902,1,12,7903,2,4,6,True,False
7901,26,7903,2,4,7921,20,3,6,False,True
7907,6,7908,1,12,7909,2,4,12,True,False
7907,20,7909,2,4,7921,14,3,12,False,True
7919,8,7920,1,60,7921,2,3,8,True,False
7927,10,7929,2,6,7934,7,4,6,False,True
7937,6,7938,1,30,7939,2,4,12,True,False
7949,8,7950,1,24,7953,4,8,2,False,True
7949,12,7953,4,8,7957,8,4,2,False,True
7951,10,7953,2,8,7957,6,4,12,True,False
7963,6,7966,3,8,7967,4,4,30,True,False
7993,6,7996,3,6,7997,4,4,16,True,False
8009,8,8010,1,24,8013,4,4,2,False,True
8017,6,8018,1,8,8021,4,4,22,True,False
8039,8,8040,1,32,8042,3,4,14,True,False
8069,8,8070,1,16,8071,2,4,12,True,False
8081,6,8082,1,12,8083,2,4,6,True,False
8087,6,8088,1,16,8090,3,8,2,False,True
8087,12,8090,3,8,8095,8,4,2,False,True
8089,10,8090,1,8,8095,6,4,4,False,True
8111,6,8112,1,30,8114,3,4,6,True,False
8117,6,8118,1,24,8119,2,4,6,True,False
8123,8,8126,3,8,8129,6,4,24,True,False
8147,6,8148,1,24,8149,2,4,14,True,False
8161,16,8163,2,6,8173,12,4,6,False,True
8167,10,8168,1,8,8173,6,4,4,False,True
8171,6,8172,1,18,8173,2,4,8,True,False
8209,10,8212,3,6,8213,4,4,10,True,False
8219,8,8220,1,24,8222,3,4,2,False,True
8231,6,8232,1,32,8234,3,8,2,False,True
8231,18,8234,3,8,8247,16,4,2,False,True
8233,16,8234,1,8,8247,14,4,4,False,True
8237,12,8238,1,8,8247,10,4,6,False,True
8269,10,8271,2,6,8278,9,4,4,False,True
8287,16,8289,2,8,8299,12,4,4,False,True
8291,12,8292,1,12,8299,8,4,2,False,True
8293,6,8294,1,16,8298,5,12,4,False,True
8293,10,8298,5,12,8299,6,4,4,False,True
8297,6,8298,1,12,8299,2,4,14,True,False
8369,8,8370,1,32,8371,2,4,8,True,False
8377,6,8378,1,8,8381,4,6,10,True,False
8377,10,8381,4,6,8383,6,4,10,True,False
8387,6,8388,1,18,8391,4,4,2,False,True
8423,14,8425,2,6,8434,11,4,6,False,True
8429,8,8430,1,16,8434,5,4,2,False,True
8443,16,8444,1,6,8453,10,4,4,False,True
8447,6,8448,1,36,8452,5,6,14,True,False
8447,12,8452,5,6,8453,6,4,14,True,False
8467,6,8469,2,6,8471,4,4,34,True,False
8501,6,8502,1,16,8503,2,4,12,True,False
8537,6,8538,1,8,8542,5,4,2,False,True
8597,12,8598,1,8,8603,6,4,2,False,True
8599,10,8601,2,8,8603,4,4,10,True,False
8609,8,8610,1,32,8611,2,4,14,True,False
8623,16,8626,3,8,8633,10,4,4,False,True
8627,6,8628,1,12,8630,3,8,2,False,True
8627,12,8630,3,8,8633,6,4,2,False,True
8629,10,8630,1,8,8633,4,4,12,True,False
8641,12,8644,3,6,8651,10,4,6,False,True
8647,6,8649,2,9,8651,4,4,16,True,False
8669,8,8670,1,24,8674,5,4,8,True,False
8681,6,8682,1,8,8683,2,4,8,True,False
8699,8,8700,1,36,8705,6,4,8,True,False
8719,10,8722,3,12,8726,7,4,12,True,False
8737,10,8739,2,6,8743,6,4,4,False,True
8741,6,8742,1,16,8743,2,4,6,True,False
8747,6,8748,1,24,8749,2,4,6,True,False
8753,8,8754,1,8,8759,6,4,8,True,False
8783,14,8785,2,8,8791,8,4,20,True,False
8803,10,8805,2,8,8809,6,4,4,False,True
8807,6,8808,1,16,8809,2,4,12,True,False
8819,8,8820,1,54,8825,6,6,2,False,True
8819,24,8825,6,6,8842,23,4,2,False,True
8821,22,8825,4,6,8842,21,4,10,False,True
8831,6,8832,1,32,8833,2,6,6,True,False
8831,12,8833,2,6,8842,11,4,6,False,True
8837,6,8838,1,12,8842,5,4,2,False,True
8849,8,8850,1,24,8851,2,4,12,True,False
8861,6,8862,1,16,8864,3,12,2,False,True
8861,12,8864,3,12,8871,10,4,2,False,True
8863,10,8864,1,12,8871,8,4,4,False,True
8867,6,8868,1,12,8871,4,4,20,True,False
8929,10,8931,2,8,8935,6,4,4,False,True
8951,6,8952,1,16,8953,2,4,12,True,False
8969,8,8970,1,32,8972,3,6,2,False,True
8969,12,8972,3,6,8977,8,4,2,False,True
8971,10,8972,1,6,8977,6,4,28,True,False
8999,8,9000,1,48,9003,4,4,2,False,True
9007,10,9008,1,10,9014,7,4,4,False,True
9011,6,9012,1,12,9014,3,4,2,False,True
9029,8,9030,1,32,9031,2,4,12,True,False
9041,6,9042,1,16,9046,5,4,2,False,True
9049,10,9051,2,8,9053,4,4,10,True,False
9059,8,9060,1,24,9061,2,8,8,True,False
9059,12,9061,2,8,9069,10,4,8,False,True
9103,6,9105,2,8,9107,4,4,6,True,False
9127,6,9129,2,8,9131,4,4,6,True,False
9137,12,9138,1,8,9143,6,4,14,True,False
9157,10,9158,1,8,9166,9,4,4,False,True
9161,6,9162,1,12,9166,5,4,12,True,False
9173,8,9175,2,6,9179,6,4,8,True,False
9187,10,9188,1,6,9193,6,4,12,True,False
9209,8,9210,1,16,9211,2,4,12,True,False
9221,6,9222,1,16,9223,2,4,6,True,False
9227,6,9228,1,12,9229,2,4,12,True,False
9239,8,9240,1,64,9242,3,4,2,False,True
9257,6,9258,1,8,9259,2,4,20,True,False
9281,6,9282,1,32,9286,5,4,2,False,True
9293,120,9298,5,4,9409,116,3,18,False,True
9311,6,9312,1,24,9313,2,4,8,True,False
9311,102,9313,2,4,9409,98,3,8,False,True
9319,10,9321,2,8,9326,7,4,4,False,True
9319,94,9326,7,4,9409,90,3,4,False,True
9323,90,9326,3,4,9409,86,3,14,False,True
9337,10,9339,2,8,9346,9,4,4,False,True
9337,76,9346,9,4,9409,72,3,4,False,True
9341,6,9342,1,16,9346,5,4,2,False,True
9341,72,9346,5,4,9409,68,3,2,False,True
9343,70,9346,3,4,9409,66,3,6,False,True
9349,10,9351,2,6,9353,4,4,22,True,False
9349,64,9353,4,4,9409,60,3,22,False,True
9371,6,9372,1,24,9373,2,8,6,True,False
9371,12,9373,2,8,9379,8,4,6,False,True
9371,42,9379,8,4,9409,38,3,6,False,True
9377,6,9378,1,12,9379,2,4,14,True,False
9377,36,9379,2,4,9409,32,3,14,False,True
9391,22,9395,4,4,9409,18,3,6,False,True
9397,10,9398,1,8,9406,9,4,6,False,True
9397,16,9406,9,4,9409,12,3,6,False,True
9403,10,9406,3,4,9409,6,3,10,True,False
9413,18,9415,2,8,9427,14,4,6,False,True
9419,8,9420,1,24,9422,3,8,2,False,True
9419,12,9422,3,8,9427,8,4,2,False,True
9421,10,9422,1,8,9427,6,4,10,True,False
9431,6,9432,1,24,9434,3,8,2,False,True
9431,12,9434,3,8,9442,11,4,2,False,True
9433,10,9434,1,8,9442,9,4,4,False,True
9437,6,9438,1,24,9442,5,4,2,False,True
9461,6,9462,1,16,9466,5,4,2,False,True
9467,6,9468,1,18,9469,2,4,6,True,False
9473,14,9475,2,6,9481,8,4,6,False,True
9479,8,9480,1,32,9481,2,4,12,True,False
9491,6,9492,1,24,9493,2,4,6,True,False
9497,6,9498,1,8,9501,4,4,14,True,False
9511,10,9514,3,8,9517,6,4,10,True,False
9521,6,9522,1,18,9523,2,4,12,True,False
9539,8,9540,1,36,9543,4,4,8,True,False
9547,10,9549,2,6,9553,6,4,4,False,True
9551,6,9552,1,20,9553,2,4,36,True,False
9587,6,9588,1,24,9589,2,4,14,True,False
9613,6,9615,2,8,9617,4,4,6,True,False
9619,10,9621,2,6,9626,7,4,4,False,True
9629,8,9630,1,24,9634,5,4,2,False,True
9643,6,9644,1,6,9647,4,4,6,True,False
9677,12,9678,1,8,9683,6,4,2,False,True
9679,10,9681,2,8,9683,4,4,10,True,False
9689,8,9690,1,32,9691,2,4,8,True,False
9697,6,9698,1,8,9701,4,4,22,True,False
9719,8,9720,1,48,9722,3,4,2,False,True
9733,10,9734,1,8,9742,9,4,6,False,True
9749,8,9750,1,32,9753,4,4,18,True,False
9767,6,9768,1,32,9771,4,4,2,False,True
9781,16,9783,2,6,9793,12,4,6,False,True
9787,10,9788,1,6,9793,6,4,4,False,True
9791,6,9792,1,42,9793,2,4,12,True,False
9829,10,9830,1,8,9838,9,4,4,False,True
9839,8,9840,1,40,9841,2,4,12,True,False
9851,6,9852,1,12,9853,2,4,6,True,False
9857,6,9858,1,16,9862,5,4,2,False,True
9887,6,9888,1,24,9892,5,6,14,True,False
9887,12,9892,5,6,9893,6,4,14,True,False
9907,10,9908,1,6,9913,6,4,16,True,False
9923,14,9925,2,6,9934,11,4,6,False,True
9929,8,9930,1,16,9934,5,4,2,False,True
9941,6,9942,1,8,9943,2,4,8,True,False
9949,10,9951,2,8,9953,4,4,18,True,False
