scale,anchor_p,seed_q0,recovered_q_for_audit_only,true_margin_q_minus_q0,visible_open_count_after_seed,true_visible_open_ordinal_of_q,threat_witness_bound,threat_n,threat_witness,threat_delta_from_seed,selected_candidate_n,predicted_margin_qhat_minus_q0,predicted_visible_open_ordinal,margin_error_qhat_minus_q,failure_mode
1000000000000,999999999989,1000000000007,1000000000039,32,5,1,97,1000000000009,29,2,,,,,no_selection
1000000000000,999999999961,999999999967,999999999989,22,5,1,97,999999999971,7,4,,,,,no_selection
1000000000000,999999999863,999999999871,999999999877,6,7,1,97,999999999881,61,10,999999999877,6,1,0,correct
1000000000000,999999999767,999999999781,999999999847,66,11,7,97,999999999791,13,10,999999999787,6,1,-60,selected_too_early
1000000000000,999999999707,999999999743,999999999767,24,8,2,97,999999999749,17,6,,,,,no_selection
1000000000000,999999999617,999999999641,999999999673,32,6,3,97,999999999643,67,2,,,,,no_selection
1000000000000,999999999577,999999999587,999999999589,2,9,1,97,999999999593,7,6,999999999589,2,1,0,correct
1000000000000,999999999529,999999999541,999999999571,30,9,2,97,999999999551,7,10,999999999547,6,1,-24,selected_too_early
1000000000000,999999999391,999999999419,999999999457,38,3,1,97,999999999427,11,8,,,,,no_selection
1000000000000,999999999331,999999999337,999999999359,22,4,1,97,999999999341,7,4,,,,,no_selection
1000000000000,999999999287,999999999289,999999999293,4,6,1,97,999999999299,7,10,999999999293,4,1,0,correct
1000000000000,999999999161,999999999209,999999999247,38,7,2,97,999999999211,59,2,,,,,no_selection
1000000000000,999999999143,999999999151,999999999161,10,6,1,97,999999999157,19,6,,,,,no_selection
1000000000000,999999998867,999999998869,999999998939,70,5,2,97,999999998879,7,10,,,,,no_selection
1000000000000,999999998801,999999998813,999999998821,8,5,1,97,999999998827,89,14,999999998821,8,1,0,correct
1000000000000,999999998611,999999998623,999999998713,90,6,4,97,999999998627,7,4,,,,,no_selection
1000000000000,999999998533,999999998537,999999998567,30,7,3,97,999999998539,31,2,,,,,no_selection
1000000000000,999999998513,999999998521,999999998527,6,11,1,97,999999998539,31,18,999999998537,16,4,10,selected_too_late
1000000000000,999999998461,999999998479,999999998497,18,12,1,97,999999998491,13,12,,,,,no_selection
1000000000000,999999998401,999999998411,999999998429,18,11,2,97,999999998413,13,2,,,,,no_selection
1000000000000,999999998311,999999998381,999999998399,18,5,1,97,999999998383,41,2,,,,,no_selection
1000000000000,999999998237,999999998243,999999998281,38,3,2,97,999999998249,7,6,,,,,no_selection
1000000000000,999999998227,999999998233,999999998237,4,5,1,97,999999998239,11,6,999999998237,4,1,0,correct
1000000000000,999999998203,999999998209,999999998227,18,7,1,97,999999998219,17,10,,,,,no_selection
1000000000000,999999998183,999999998189,999999998191,2,10,1,97,999999998207,7,18,999999998203,14,2,12,selected_too_late
1000000000000,999999998069,999999998089,999999998141,52,8,2,97,999999998093,19,4,,,,,no_selection
1000000000000,999999998021,999999998027,999999998047,20,8,2,97,999999998039,7,12,999999998033,6,1,-14,selected_too_early
1000000000000,999999997939,999999997949,999999998021,72,8,4,97,999999997957,73,8,999999997951,2,1,-70,selected_too_early
1000000000000,999999997831,999999997849,999999997907,58,9,5,97,999999997853,37,4,,,,,no_selection
1000000000000,999999997679,999999997699,999999997721,22,6,1,97,999999997703,7,4,,,,,no_selection
1000000000000,999999997589,999999997597,999999997603,6,4,1,97,999999997601,11,4,,,,,no_selection
1000000000000,999999997517,999999997553,999999997589,36,5,2,97,999999997559,59,6,,,,,no_selection
1000000000000,999999997459,999999997463,999999997517,54,6,4,97,999999997469,11,6,,,,,no_selection
1000000000000,999999997433,999999997439,999999997459,20,8,2,97,999999997441,59,2,,,,,no_selection
1000000000000,999999997397,999999997429,999999997433,4,9,1,97,999999997441,59,12,999999997439,10,2,6,selected_too_late
1000000000000,999999997391,999999997393,999999997397,4,11,1,97,999999997399,13,6,999999997397,4,1,0,correct
1000000000000,999999997343,999999997351,999999997391,40,11,3,97,999999997361,31,10,,,,,no_selection
1000000000000,999999997277,999999997307,999999997327,20,8,1,97,999999997313,43,6,,,,,no_selection
1000000000000,999999997201,999999997223,999999997259,36,5,2,97,999999997231,67,8,,,,,no_selection
1000000000000,999999997163,999999997189,999999997201,12,5,1,97,999999997199,7,10,,,,,no_selection
1000000000000,999999997147,999999997151,999999997163,12,6,1,97,999999997153,41,2,,,,,no_selection
1000000000000,999999997103,999999997121,999999997147,26,7,2,97,999999997129,7,8,,,,,no_selection
1000000000000,999999997013,999999997093,999999997103,10,4,2,97,999999997097,17,4,,,,,no_selection
1000000000000,999999996901,999999996949,999999996977,28,3,1,97,999999996953,19,4,,,,,no_selection
1000000000000,999999996881,999999996887,999999996889,2,6,1,97,999999996893,17,6,999999996889,2,1,0,correct
1000000000000,999999996823,999999996833,999999996881,48,7,2,97,999999996839,19,6,,,,,no_selection
1000000000000,999999996701,999999996727,999999996739,12,4,1,97,999999996733,59,6,,,,,no_selection
1000000000000,999999996581,999999996599,999999996601,2,5,1,97,999999996611,7,12,999999996601,2,1,0,correct
1000000000000,999999996473,999999996511,999999996581,70,4,2,97,999999996521,37,10,,,,,no_selection
1000000000000,999999996371,999999996419,999999996449,30,3,1,97,999999996421,19,2,,,,,no_selection
1000000000000,999999996211,999999996217,999999996223,6,4,1,97,999999996221,53,4,,,,,no_selection
1000000000000,999999996137,999999996173,999999996197,24,5,1,97,999999996179,17,6,,,,,no_selection
1000000000000,999999996097,999999996133,999999996137,4,7,1,97,999999996143,59,10,999999996137,4,1,0,correct
1000000000000,999999995993,999999996011,999999996097,86,5,5,97,999999996017,11,6,,,,,no_selection
1000000000000,999999995899,999999995909,999999995933,24,8,1,97,999999995911,7,2,,,,,no_selection
1000000000000,999999995773,999999995837,999999995857,20,3,1,97,999999995839,13,2,,,,,no_selection
1000000000000,999999995653,999999995681,999999995711,30,5,3,97,999999995683,13,2,,,,,no_selection
1000000000000,999999995581,999999995591,999999995653,62,8,5,97,999999995593,43,2,,,,,no_selection
1000000000000,999999995537,999999995539,999999995573,34,9,2,97,999999995543,29,4,,,,,no_selection
1000000000000,999999995497,999999995521,999999995537,16,7,1,97,999999995527,13,6,,,,,no_selection
1000000000000,999999995429,999999995441,999999995461,20,7,1,97,999999995449,7,8,,,,,no_selection
1000000000000,999999995383,999999995389,999999995413,24,7,1,97,999999995393,7,4,,,,,no_selection
1000000000000,999999995237,999999995257,999999995299,42,3,1,97,999999995261,17,4,,,,,no_selection
1000000000000,999999995207,999999995233,999999995237,4,4,1,97,999999995239,7,6,999999995237,4,1,0,correct
1000000000000,999999995177,999999995201,999999995207,6,5,1,97,999999995203,11,2,,,,,no_selection
1000000000000,999999995147,999999995149,999999995177,28,7,2,97,999999995159,11,10,,,,,no_selection
1000000000000,999999995131,999999995143,999999995147,4,9,1,97,999999995159,11,16,999999995149,6,2,2,selected_too_late
1000000000000,999999994909,999999994919,999999994937,18,6,1,97,999999994921,17,2,,,,,no_selection
1000000000000,999999994897,999999994907,999999994909,2,8,1,97,999999994921,17,14,999999994919,12,2,10,selected_too_late
1000000000000,999999994823,999999994871,999999994897,26,5,1,97,999999994873,11,2,,,,,no_selection
1000000000000,999999994781,999999994783,999999994793,10,8,1,97,999999994787,19,4,,,,,no_selection
1000000000000,999999994769,999999994771,999999994781,10,8,1,97,999999994777,7,6,,,,,no_selection
1000000000000,999999994729,999999994753,999999994769,16,8,1,97,999999994757,31,4,,,,,no_selection
1000000000000,999999994687,999999994723,999999994729,6,8,1,97,999999994727,59,4,,,,,no_selection
1000000000000,999999994639,999999994661,999999994687,26,4,1,97,999999994669,13,8,,,,,no_selection
1000000000000,999999994583,999999994601,999999994603,2,6,1,97,999999994609,7,8,999999994607,6,2,4,selected_too_late
1000000000000,999999994517,999999994531,999999994579,48,8,2,97,999999994541,79,10,,,,,no_selection
1000000000000,999999994471,999999994481,999999994493,12,6,1,97,999999994483,7,2,,,,,no_selection
1000000000000,999999994457,999999994459,999999994463,4,9,1,97,999999994469,7,10,999999994463,4,1,0,correct
1000000000000,999999994379,999999994381,999999994403,22,11,2,97,999999994391,61,10,999999994387,6,1,-16,selected_too_early
1000000000000,999999994361,999999994363,999999994379,16,12,1,97,999999994367,11,4,,,,,no_selection
1000000000000,999999994319,999999994339,999999994361,22,10,2,97,999999994343,7,4,,,,,no_selection
1000000000000,999999994127,999999994159,999999994163,4,4,1,97,999999994169,11,10,999999994163,4,1,0,correct
1000000000000,999999994087,999999994111,999999994117,6,5,1,97,999999994123,13,12,999999994117,6,1,0,correct
1000000000000,999999994009,999999994043,999999994087,44,6,3,97,999999994049,7,6,,,,,no_selection
1000000000000,999999993929,999999993953,999999994009,56,5,3,97,999999993959,43,6,,,,,no_selection
1000000000000,999999993871,999999993877,999999993899,22,9,3,97,999999993881,7,4,,,,,no_selection
1000000000000,999999993793,999999993841,999999993847,6,9,1,97,999999993851,83,10,999999993847,6,1,0,correct
1000000000000,999999993749,999999993757,999999993763,6,8,1,97,999999993761,19,4,,,,,no_selection
1000000000000,999999993653,999999993689,999999993749,60,6,3,97,999999993697,17,8,999999993691,2,1,-58,selected_too_early
1000000000000,999999993481,999999993523,999999993557,34,3,1,97,999999993527,17,4,,,,,no_selection
1000000000000,999999993389,999999993437,999999993467,30,2,1,97,999999993443,11,6,,,,,no_selection
1000000000000,999999993361,999999993371,999999993389,18,5,2,97,999999993377,7,6,999999993373,2,1,-16,selected_too_early
1000000000000,999999993287,999999993301,999999993361,60,5,2,97,999999993307,7,6,,,,,no_selection
1000000000000,999999993259,999999993263,999999993287,24,6,1,97,999999993269,31,6,,,,,no_selection
1000000000000,999999992977,999999992987,999999993029,42,7,1,97,999999992993,73,6,,,,,no_selection
1000000000000,999999992941,999999992947,999999992977,30,4,1,97,999999992953,13,6,,,,,no_selection
1000000000000,999999992843,999999992911,999999992941,30,3,2,97,999999992927,13,16,999999992917,6,1,-24,selected_too_early
1000000000000,999999992743,999999992749,999999992843,94,4,4,97,999999992759,29,10,,,,,no_selection
1000000000000,999999992647,999999992653,999999992731,78,8,4,97,999999992659,19,6,,,,,no_selection
1000000000000,999999992539,999999992567,999999992611,44,5,2,97,999999992579,7,12,999999992569,2,1,-42,selected_too_early
1000000000000,999999992447,999999992461,999999992531,70,6,3,97,999999992467,7,6,,,,,no_selection
1000000000000000,999999999999989,1000000000000003,1000000000000037,34,6,3,97,1000000000000007,47,4,,,,,no_selection
1000000000000000,999999999999947,999999999999967,999999999999989,22,6,1,97,999999999999971,17,4,,,,,no_selection
1000000000000000,999999999999883,999999999999893,999999999999947,54,5,2,97,999999999999913,11,20,999999999999907,14,1,-40,selected_too_early
1000000000000000,999999999999877,999999999999881,999999999999883,2,7,1,97,999999999999889,7,8,999999999999883,2,1,0,correct
1000000000000000,999999999999827,999999999999839,999999999999877,38,7,2,97,999999999999847,7,8,,,,,no_selection
1000000000000000,999999999999809,999999999999817,999999999999827,10,8,1,97,999999999999821,19,4,,,,,no_selection
1000000000000000,999999999999577,999999999999599,999999999999643,44,6,3,97,999999999999611,13,12,,,,,no_selection
1000000000000000,999999999999521,999999999999551,999999999999571,20,6,1,97,999999999999553,7,2,,,,,no_selection
1000000000000000,999999999999409,999999999999421,999999999999491,70,5,4,97,999999999999427,7,6,,,,,no_selection
1000000000000000,999999999999353,999999999999361,999999999999389,28,7,2,97,999999999999371,7,10,999999999999367,6,1,-22,selected_too_early
1000000000000000,999999999999283,999999999999307,999999999999353,46,7,3,97,999999999999317,31,10,999999999999311,4,1,-42,selected_too_early
1000000000000000,999999999999199,999999999999271,999999999999283,12,4,2,97,999999999999287,7,16,999999999999283,12,2,0,correct
1000000000000000,999999999999163,999999999999191,999999999999199,8,4,1,97,999999999999193,31,2,,,,,no_selection
1000000000000000,999999999999109,999999999999113,999999999999163,50,5,3,97,999999999999119,7,6,,,,,no_selection
1000000000000000,999999999999071,999999999999079,999999999999089,10,9,1,97,999999999999091,7,12,999999999999089,10,1,0,correct
1000000000000000,999999999998939,999999999998953,999999999999043,90,2,2,97,999999999998963,37,10,,,,,no_selection
1000000000000000,999999999998803,999999999998807,999999999998861,54,2,1,97,999999999998813,11,6,,,,,no_selection
1000000000000000,999999999998761,999999999998771,999999999998803,32,4,2,97,999999999998779,13,8,999999999998773,2,1,-30,selected_too_early
1000000000000000,999999999998743,999999999998749,999999999998761,12,6,1,97,999999999998753,13,4,,,,,no_selection
1000000000000000,999999999998711,999999999998723,999999999998729,6,8,1,97,999999999998737,43,14,999999999998729,6,1,0,correct
1000000000000000,999999999998627,999999999998641,999999999998711,70,8,4,97,999999999998647,29,6,,,,,no_selection
1000000000000000,999999999998563,999999999998579,999999999998581,2,9,1,97,999999999998587,7,8,999999999998581,2,1,0,correct
1000000000000000,999999999998533,999999999998537,999999999998563,26,9,1,97,999999999998543,17,6,,,,,no_selection
1000000000000000,999999999998437,999999999998459,999999999998533,74,5,3,97,999999999998461,7,2,,,,,no_selection
1000000000000000,999999999998411,999999999998423,999999999998437,14,6,1,97,999999999998431,23,8,,,,,no_selection
1000000000000000,999999999998353,999999999998369,999999999998383,14,5,1,97,999999999998371,37,2,,,,,no_selection
1000000000000000,999999999998267,999999999998269,999999999998353,84,6,4,97,999999999998279,7,10,999999999998273,4,1,-80,selected_too_early
1000000000000000,999999999998231,999999999998243,999999999998267,24,6,1,97,999999999998251,7,8,,,,,no_selection
1000000000000000,999999999998161,999999999998177,999999999998231,54,5,1,97,999999999998183,29,6,,,,,no_selection
1000000000000000,999999999998141,999999999998143,999999999998161,18,7,2,97,999999999998149,19,6,999999999998147,4,1,-14,selected_too_early
1000000000000000,999999999998053,999999999998089,999999999998141,52,7,3,97,999999999998101,17,12,,,,,no_selection
1000000000000000,999999999998039,999999999998047,999999999998053,6,8,1,97,999999999998051,13,4,,,,,no_selection
1000000000000000,999999999998003,999999999998011,999999999998039,28,5,1,97,999999999998017,23,6,,,,,no_selection
1000000000000000,999999999997969,999999999997981,999999999997993,12,7,1,97,999999999997997,19,16,999999999997993,12,1,0,correct
1000000000000000,999999999997841,999999999997919,999999999997967,48,3,2,97,999999999997921,13,2,,,,,no_selection
1000000000000000,999999999997771,999999999997781,999999999997811,30,4,2,97,999999999997787,23,6,999999999997783,2,1,-28,selected_too_early
1000000000000000,999999999997729,999999999997753,999999999997771,18,6,1,97,999999999997757,11,4,,,,,no_selection
1000000000000000,999999999997699,999999999997711,999999999997729,18,6,1,97,999999999997727,17,16,,,,,no_selection
1000000000000000,999999999997613,999999999997667,999999999997697,30,5,2,97,999999999997669,11,2,,,,,no_selection
1000000000000000,999999999997573,999999999997577,999999999997613,36,5,1,97,999999999997579,7,2,,,,,no_selection
1000000000000000,999999999997517,999999999997543,999999999997573,30,4,2,97,999999999997549,71,6,,,,,no_selection
1000000000000000,999999999997337,999999999997367,999999999997463,96,5,5,97,999999999997369,7,2,,,,,no_selection
1000000000000000,999999999997307,999999999997321,999999999997337,16,5,1,97,999999999997327,7,6,,,,,no_selection
1000000000000000,999999999997099,999999999997121,999999999997153,32,6,3,97,999999999997123,19,2,,,,,no_selection
1000000000000000,999999999997043,999999999997049,999999999997087,38,9,2,97,999999999997051,23,2,,,,,no_selection
1000000000000000,999999999997003,999999999997007,999999999997043,36,8,2,97,999999999997009,11,2,,,,,no_selection
1000000000000000,999999999996869,999999999996871,999999999996983,112,4,4,97,999999999996877,11,6,,,,,no_selection
1000000000000000,999999999996493,999999999996533,999999999996583,50,6,4,97,999999999996547,11,14,999999999996539,6,1,-44,selected_too_early
1000000000000000,999999999996313,999999999996359,999999999996409,50,5,3,97,999999999996361,7,2,,,,,no_selection
1000000000000000,999999999996293,999999999996307,999999999996311,4,8,1,97,999999999996319,7,12,999999999996313,6,2,2,selected_too_late
1000000000000000,999999999996181,999999999996199,999999999996253,54,3,1,97,999999999996211,19,12,,,,,no_selection
1000000000000000,999999999996149,999999999996161,999999999996181,20,3,1,97,999999999996163,17,2,,,,,no_selection
1000000000000000,999999999996083,999999999996089,999999999996149,60,8,5,97,999999999996097,19,8,999999999996091,2,1,-58,selected_too_early
1000000000000000,999999999995879,999999999995897,999999999995911,14,5,2,97,999999999995899,7,2,,,,,no_selection
1000000000000000,999999999995851,999999999995861,999999999995879,18,6,1,97,999999999995863,29,2,,,,,no_selection
1000000000000000,999999999995743,999999999995761,999999999995797,36,5,2,97,999999999995773,7,12,,,,,no_selection
1000000000000000,999999999995629,999999999995651,999999999995669,18,4,1,97,999999999995653,17,2,,,,,no_selection
1000000000000000,999999999995587,999999999995593,999999999995627,34,7,3,97,999999999995597,31,4,,,,,no_selection
1000000000000000,999999999995539,999999999995543,999999999995567,24,9,1,97,999999999995549,7,6,,,,,no_selection
1000000000000000,999999999995471,999999999995509,999999999995539,30,9,3,97,999999999995513,11,4,,,,,no_selection
1000000000000000,999999999995453,999999999995461,999999999995471,10,8,1,97,999999999995473,31,12,999999999995471,10,1,0,correct
1000000000000000,999999999995393,999999999995431,999999999995453,22,5,2,97,999999999995437,7,6,,,,,no_selection
1000000000000000,999999999995371,999999999995389,999999999995393,4,6,1,97,999999999995399,13,10,999999999995393,4,1,0,correct
1000000000000000,999999999995357,999999999995369,999999999995371,2,8,1,97,999999999995381,7,12,999999999995371,2,1,0,correct
1000000000000000,999999999995327,999999999995329,999999999995357,28,8,1,97,999999999995339,7,10,,,,,no_selection
1000000000000000,999999999995273,999999999995281,999999999995327,46,9,3,97,999999999995287,31,6,,,,,no_selection
1000000000000000,999999999995179,999999999995197,999999999995273,76,4,3,97,999999999995213,7,16,999999999995207,10,1,-66,selected_too_early
1000000000000000,999999999995089,999999999995123,999999999995179,56,4,2,97,999999999995129,7,6,,,,,no_selection
1000000000000000,999999999995021,999999999995047,999999999995069,22,4,2,97,999999999995051,11,4,,,,,no_selection
1000000000000000,999999999994991,999999999995011,999999999995021,10,5,1,97,999999999995017,7,6,,,,,no_selection
1000000000000000,999999999994901,999999999994913,999999999994991,78,6,4,97,999999999994919,7,6,,,,,no_selection
1000000000000000,999999999994829,999999999994841,999999999994873,32,7,2,97,999999999994843,19,2,,,,,no_selection
1000000000000000,999999999994813,999999999994823,999999999994829,6,8,1,97,999999999994831,11,8,999999999994829,6,1,0,correct
1000000000000000,999999999994733,999999999994739,999999999994789,50,9,3,97,999999999994751,7,12,,,,,no_selection
1000000000000000,999999999994687,999999999994711,999999999994727,16,8,1,97,999999999994717,97,6,,,,,no_selection
1000000000000000,999999999994601,999999999994621,999999999994627,6,6,1,97,999999999994633,11,12,999999999994627,6,1,0,correct
1000000000000000,999999999994511,999999999994519,999999999994537,18,7,1,97,999999999994523,11,4,,,,,no_selection
1000000000000000,999999999994477,999999999994507,999999999994511,4,6,1,97,999999999994513,7,6,999999999994511,4,1,0,correct
1000000000000000,999999999994451,999999999994453,999999999994477,24,9,3,97,999999999994457,7,4,,,,,no_selection
1000000000000000,999999999994417,999999999994439,999999999994451,12,9,1,97,999999999994441,53,2,,,,,no_selection
1000000000000000,999999999994379,999999999994381,999999999994417,36,11,4,97,999999999994387,7,6,,,,,no_selection
1000000000000000,999999999994319,999999999994339,999999999994379,40,7,1,97,999999999994343,59,4,,,,,no_selection
1000000000000000,999999999994267,999999999994279,999999999994309,30,6,1,97,999999999994283,71,4,,,,,no_selection
1000000000000000,999999999994213,999999999994241,999999999994243,2,6,1,97,999999999994247,7,6,999999999994243,2,1,0,correct
1000000000000000,999999999994129,999999999994169,999999999994207,38,5,2,97,999999999994171,11,2,,,,,no_selection
1000000000000000,999999999994103,999999999994111,999999999994117,6,6,1,97,999999999994121,7,10,999999999994117,6,1,0,correct
1000000000000000,999999999994063,999999999994067,999999999994103,36,8,3,97,999999999994073,13,6,,,,,no_selection
1000000000000000,999999999993977,999999999993983,999999999994043,60,9,3,97,999999999993989,59,6,,,,,no_selection
1000000000000000,999999999993937,999999999993961,999999999993971,10,8,1,97,999999999993967,7,6,,,,,no_selection
1000000000000000,999999999993791,999999999993809,999999999993881,72,3,1,97,999999999993817,17,8,,,,,no_selection
1000000000000000,999999999993727,999999999993733,999999999993791,58,2,1,97,999999999993737,31,4,,,,,no_selection
1000000000000000,999999999993653,999999999993677,999999999993689,12,4,1,97,999999999993683,13,6,,,,,no_selection
1000000000000000,999999999993629,999999999993637,999999999993649,12,7,1,97,999999999993643,11,6,,,,,no_selection
1000000000000000,999999999993583,999999999993607,999999999993629,22,6,1,97,999999999993611,67,4,,,,,no_selection
1000000000000000,999999999993557,999999999993563,999999999993569,6,8,1,97,999999999993577,11,14,999999999993569,6,1,0,correct
1000000000000000,999999999993497,999999999993539,999999999993557,18,5,1,97,999999999993547,7,8,,,,,no_selection
1000000000000000,999999999993473,999999999993479,999999999993497,18,7,2,97,999999999993481,73,2,,,,,no_selection
1000000000000000,999999999993389,999999999993433,999999999993473,40,5,2,97,999999999993437,19,4,,,,,no_selection
1000000000000000,999999999993331,999999999993349,999999999993377,28,3,1,97,999999999993359,97,10,,,,,no_selection
1000000000000000,999999999993227,999999999993229,999999999993331,102,8,7,97,999999999993233,23,4,,,,,no_selection
1000000000000000,999999999993217,999999999993221,999999999993227,6,10,2,97,999999999993233,23,12,999999999993229,8,3,2,selected_too_late
1000000000000000,999999999993131,999999999993139,999999999993143,4,12,1,97,999999999993163,13,24,999999999993157,18,3,14,selected_too_late
1000000000000000,999999999993109,999999999993121,999999999993131,10,12,1,97,999999999993127,7,6,,,,,no_selection
1000000000000000,999999999993097,999999999993101,999999999993109,8,13,2,97,999999999993103,17,2,,,,,no_selection
1000000000000000,999999999993089,999999999993091,999999999993097,6,13,1,97,999999999993103,17,12,999999999993101,10,2,4,selected_too_late
1000000000000000,999999999993067,999999999993073,999999999993089,16,13,1,97,999999999993079,29,6,,,,,no_selection
1000000000000000,999999999992999,999999999993011,999999999993067,56,12,4,97,999999999993019,19,8,999999999993017,6,1,-50,selected_too_early
1000000000000000,999999999992921,999999999992951,999999999992999,48,5,1,97,999999999992957,23,6,,,,,no_selection
1000000000000000,999999999992659,999999999992663,999999999992687,24,7,1,97,999999999992669,13,6,,,,,no_selection
1000000000000000,999999999992401,999999999992407,999999999992429,22,6,1,97,999999999992411,11,4,,,,,no_selection
1000000000000000,999999999992339,999999999992351,999999999992353,2,8,1,97,999999999992357,7,6,999999999992353,2,1,0,correct
1000000000000000,999999999992281,999999999992327,999999999992339,12,8,2,97,999999999992329,7,2,,,,,no_selection
1000000000000000,999999999992143,999999999992177,999999999992197,20,3,1,97,999999999992183,19,6,,,,,no_selection
1000000000000000,999999999992057,999999999992113,999999999992143,30,2,1,97,999999999992117,17,4,,,,,no_selection
1000000000000000,999999999991973,999999999992023,999999999992041,18,4,2,97,999999999992029,43,6,999999999992027,4,1,-14,selected_too_early
1000000000000000,999999999991871,999999999991873,999999999991961,88,4,2,97,999999999991877,31,4,,,,,no_selection
1000000000000000,999999999991823,999999999991831,999999999991847,16,5,2,97,999999999991837,13,6,,,,,no_selection
1000000000000000,999999999991793,999999999991813,999999999991823,10,7,1,97,999999999991817,11,4,,,,,no_selection
1000000000000000,999999999991697,999999999991703,999999999991721,18,5,1,97,999999999991709,17,6,,,,,no_selection
1000000000000000,999999999991621,999999999991673,999999999991679,6,6,1,97,999999999991681,13,8,999999999991679,6,1,0,correct
1000000000000000,999999999991523,999999999991549,999999999991621,72,2,2,97,999999999991553,11,4,,,,,no_selection
1000000000000000,999999999991451,999999999991459,999999999991483,24,6,2,97,999999999991471,17,12,999999999991469,10,1,-14,selected_too_early
1000000000000000,999999999991411,999999999991429,999999999991441,12,8,1,97,999999999991433,7,4,,,,,no_selection
1000000000000000,999999999991189,999999999991217,999999999991243,26,8,4,97,999999999991223,7,6,999999999991219,2,1,-24,selected_too_early
1000000000000000,999999999991127,999999999991151,999999999991189,38,8,1,97,999999999991153,7,2,,,,,no_selection
1000000000000000,999999999991099,999999999991103,999999999991127,24,7,3,97,999999999991109,13,6,,,,,no_selection
1000000000000000,999999999991067,999999999991079,999999999991099,20,8,2,97,999999999991081,19,2,,,,,no_selection
1000000000000000,999999999991019,999999999991033,999999999991051,18,9,1,97,999999999991039,59,6,,,,,no_selection
1000000000000000,999999999990977,999999999990989,999999999991019,30,8,1,97,999999999990991,29,2,,,,,no_selection
1000000000000000,999999999990913,999999999990917,999999999990977,60,7,4,97,999999999990929,7,12,999999999990923,6,2,-54,selected_too_early
1000000000000000,999999999990883,999999999990899,999999999990913,14,8,2,97,999999999990901,7,2,,,,,no_selection
1000000000000000,999999999990869,999999999990877,999999999990883,6,10,1,97,999999999990887,7,10,999999999990883,6,1,0,correct
1000000000000000,999999999990829,999999999990833,999999999990851,18,11,1,97,999999999990841,23,8,,,,,no_selection
1000000000000000,999999999990799,999999999990821,999999999990829,8,12,1,97,999999999990823,13,2,,,,,no_selection
1000000000000000,999999999990721,999999999990727,999999999990767,40,8,3,97,999999999990731,53,4,,,,,no_selection
1000000000000000,999999999990697,999999999990709,999999999990721,12,8,1,97,999999999990719,7,10,,,,,no_selection
1000000000000000,999999999990671,999999999990679,999999999990697,18,9,1,97,999999999990689,17,10,,,,,no_selection
1000000000000000,999999999990577,999999999990599,999999999990659,60,7,4,97,999999999990601,37,2,,,,,no_selection
1000000000000000,999999999990493,999999999990503,999999999990577,74,6,4,97,999999999990509,7,6,,,,,no_selection
1000000000000000,999999999990461,999999999990463,999999999990493,30,6,1,97,999999999990467,7,4,,,,,no_selection
1000000000000000,999999999990443,999999999990457,999999999990461,4,7,1,97,999999999990467,7,10,999999999990463,6,2,2,selected_too_late
1000000000000000000,999999999999999967,999999999999999983,999999999999999989,6,7,1,97,999999999999999991,23,8,999999999999999989,6,1,0,correct
1000000000000000000,999999999999999877,999999999999999881,999999999999999967,86,4,1,97,999999999999999883,17,2,,,,,no_selection
1000000000000000000,999999999999999829,999999999999999833,999999999999999863,30,4,2,97,999999999999999847,19,14,,,,,no_selection
1000000000000000000,999999999999999749,999999999999999767,999999999999999829,62,8,4,97,999999999999999779,11,12,999999999999999773,6,1,-56,selected_too_early
1000000000000000000,999999999999999709,999999999999999727,999999999999999737,10,8,1,97,999999999999999733,7,6,,,,,no_selection
1000000000000000000,999999999999999637,999999999999999641,999999999999999709,68,9,6,97,999999999999999647,11,6,999999999999999643,2,1,-66,selected_too_early
1000000000000000000,999999999999999613,999999999999999617,999999999999999631,14,11,1,97,999999999999999619,19,2,,,,,no_selection
1000000000000000000,999999999999999569,999999999999999599,999999999999999601,2,11,1,97,999999999999999607,7,8,999999999999999601,2,1,0,correct
1000000000000000000,999999999999999539,999999999999999541,999999999999999569,28,14,4,97,999999999999999551,7,10,999999999999999547,6,1,-22,selected_too_early
1000000000000000000,999999999999999487,999999999999999491,999999999999999503,12,11,1,97,999999999999999493,11,2,,,,,no_selection
1000000000000000000,999999999999999419,999999999999999431,999999999999999443,12,9,1,97,999999999999999433,47,2,,,,,no_selection
1000000000000000000,999999999999999359,999999999999999367,999999999999999371,4,7,1,97,999999999999999373,17,6,999999999999999371,4,1,0,correct
1000000000000000000,999999999999999331,999999999999999343,999999999999999359,16,7,1,97,999999999999999347,23,4,,,,,no_selection
1000000000000000000,999999999999999161,999999999999999181,999999999999999283,102,4,4,97,999999999999999187,7,6,,,,,no_selection
1000000000000000000,999999999999999121,999999999999999143,999999999999999157,14,6,1,97,999999999999999151,47,8,,,,,no_selection
1000000000000000000,999999999999999079,999999999999999109,999999999999999121,12,7,2,97,999999999999999119,11,10,999999999999999113,4,1,-8,selected_too_early
1000000000000000000,999999999999999073,999999999999999077,999999999999999079,2,9,1,97,999999999999999089,7,12,999999999999999079,2,1,0,correct
1000000000000000000,999999999999999023,999999999999999029,999999999999999073,44,9,3,97,999999999999999031,11,2,,,,,no_selection
1000000000000000000,999999999999998989,999999999999998993,999999999999999023,30,9,1,97,999999999999998999,17,6,,,,,no_selection
1000000000000000000,999999999999998939,999999999999998947,999999999999998989,42,7,2,97,999999999999998951,29,4,,,,,no_selection
1000000000000000000,999999999999998867,999999999999998873,999999999999998927,54,8,2,97,999999999999998879,7,6,,,,,no_selection
1000000000000000000,999999999999998759,999999999999998791,999999999999998867,76,4,3,97,999999999999998803,13,12,,,,,no_selection
1000000000000000000,999999999999998653,999999999999998677,999999999999998743,66,5,4,97,999999999999998681,47,4,,,,,no_selection
1000000000000000000,999999999999998581,999999999999998609,999999999999998651,42,6,3,97,999999999999998611,23,2,,,,,no_selection
1000000000000000000,999999999999998539,999999999999998567,999999999999998581,14,6,1,97,999999999999998569,11,2,,,,,no_selection
1000000000000000000,999999999999998443,999999999999998447,999999999999998539,92,9,8,97,999999999999998459,7,12,999999999999998453,6,2,-86,selected_too_early
1000000000000000000,999999999999998321,999999999999998351,999999999999998443,92,7,5,97,999999999999998353,17,2,,,,,no_selection
1000000000000000000,999999999999998273,999999999999998279,999999999999998321,42,4,1,97,999999999999998287,31,8,,,,,no_selection
1000000000000000000,999999999999998237,999999999999998267,999999999999998269,2,5,1,97,999999999999998287,31,20,999999999999998279,12,3,10,selected_too_late
1000000000000000000,999999999999998171,999999999999998189,999999999999998227,38,7,2,97,999999999999998197,23,8,,,,,no_selection
1000000000000000000,999999999999998143,999999999999998159,999999999999998167,8,9,2,97,999999999999998173,11,14,999999999999998171,12,3,4,selected_too_late
1000000000000000000,999999999999998027,999999999999998029,999999999999998143,114,7,7,97,999999999999998039,7,10,999999999999998033,4,1,-110,selected_too_early
1000000000000000000,999999999999997961,999999999999997963,999999999999997993,30,9,1,97,999999999999997967,23,4,,,,,no_selection
1000000000000000000,999999999999997901,999999999999997939,999999999999997943,4,9,1,97,999999999999997967,23,28,999999999999997963,24,4,20,selected_too_late
1000000000000000000,999999999999997883,999999999999997897,999999999999997901,4,8,1,97,999999999999997907,29,10,999999999999997901,4,1,0,correct
1000000000000000000,999999999999997817,999999999999997819,999999999999997831,12,8,2,97,999999999999997829,7,10,999999999999997823,4,1,-8,selected_too_early
1000000000000000000,999999999999997751,999999999999997781,999999999999997817,36,5,1,97,999999999999997783,23,2,,,,,no_selection
1000000000000000000,999999999999997651,999999999999997663,999999999999997751,88,6,6,97,999999999999997667,11,4,,,,,no_selection
1000000000000000000,999999999999997589,999999999999997603,999999999999997651,48,4,1,97,999999999999997607,13,4,,,,,no_selection
1000000000000000000,999999999999997499,999999999999997523,999999999999997589,66,4,3,97,999999999999997529,13,6,,,,,no_selection
1000000000000000000,999999999999997457,999999999999997463,999999999999997471,8,5,1,97,999999999999997469,11,6,,,,,no_selection
1000000000000000000,999999999999997313,999999999999997343,999999999999997427,84,6,5,97,999999999999997357,31,14,999999999999997351,8,1,-76,selected_too_early
1000000000000000000,999999999999997207,999999999999997219,999999999999997313,94,3,3,97,999999999999997231,17,12,,,,,no_selection
1000000000000000000,999999999999997133,999999999999997169,999999999999997189,20,5,2,97,999999999999997171,7,2,,,,,no_selection
1000000000000000000,999999999999997121,999999999999997123,999999999999997133,10,6,1,97,999999999999997127,89,4,,,,,no_selection
1000000000000000000,999999999999997057,999999999999997069,999999999999997079,10,6,1,97,999999999999997073,7,4,,,,,no_selection
1000000000000000000,999999999999997033,999999999999997049,999999999999997057,8,6,1,97,999999999999997051,11,2,,,,,no_selection
1000000000000000000,999999999999996967,999999999999996973,999999999999997013,40,8,2,97,999999999999996979,29,6,999999999999996977,4,1,-36,selected_too_early
1000000000000000000,999999999999996917,999999999999996929,999999999999996967,38,6,1,97,999999999999996931,13,2,,,,,no_selection
1000000000000000000,999999999999996881,999999999999996887,999999999999996917,30,7,3,97,999999999999996907,73,20,999999999999996901,14,1,-16,selected_too_early
1000000000000000000,999999999999996847,999999999999996851,999999999999996871,20,9,1,97,999999999999996853,11,2,,,,,no_selection
1000000000000000000,999999999999996839,999999999999996841,999999999999996847,6,10,1,97,999999999999996853,11,12,999999999999996851,10,2,4,selected_too_late
1000000000000000000,999999999999996701,999999999999996739,999999999999996757,18,6,1,97,999999999999996743,11,4,,,,,no_selection
1000000000000000000,999999999999996659,999999999999996661,999999999999996673,12,7,1,97,999999999999996667,7,6,,,,,no_selection
1000000000000000000,999999999999996553,999999999999996559,999999999999996647,88,6,3,97,999999999999996569,7,10,,,,,no_selection
1000000000000000000,999999999999996467,999999999999996473,999999999999996553,80,9,8,97,999999999999996479,11,6,,,,,no_selection
1000000000000000000,999999999999996409,999999999999996431,999999999999996461,30,11,3,97,999999999999996437,13,6,999999999999996433,2,1,-28,selected_too_early
1000000000000000000,999999999999996361,999999999999996371,999999999999996383,12,10,1,97,999999999999996373,7,2,,,,,no_selection
1000000000000000000,999999999999996337,999999999999996349,999999999999996353,4,9,1,97,999999999999996359,7,10,999999999999996353,4,1,0,correct
1000000000000000000,999999999999996263,999999999999996269,999999999999996329,60,8,2,97,999999999999996281,11,12,,,,,no_selection
1000000000000000000,999999999999996251,999999999999996257,999999999999996263,6,9,1,97,999999999999996259,11,2,,,,,no_selection
1000000000000000000,999999999999996209,999999999999996223,999999999999996251,28,9,3,97,999999999999996229,13,6,999999999999996227,4,1,-24,selected_too_early
1000000000000000000,999999999999996119,999999999999996133,999999999999996209,76,6,3,97,999999999999996143,17,10,999999999999996139,6,1,-70,selected_too_early
1000000000000000000,999999999999995947,999999999999995957,999999999999995963,6,6,1,97,999999999999995969,13,12,999999999999995963,6,1,0,correct
1000000000000000000,999999999999995809,999999999999995831,999999999999995833,2,2,1,97,999999999999995837,17,6,999999999999995833,2,1,0,correct
1000000000000000000,999999999999995737,999999999999995749,999999999999995783,34,8,3,97,999999999999995753,11,4,,,,,no_selection
1000000000000000000,999999999999995717,999999999999995719,999999999999995737,18,10,1,97,999999999999995729,7,10,,,,,no_selection
1000000000000000000,999999999999995671,999999999999995677,999999999999995681,4,11,1,97,999999999999995683,13,6,999999999999995681,4,1,0,correct
1000000000000000000,999999999999995573,999999999999995609,999999999999995671,62,10,7,97,999999999999995617,7,8,999999999999995611,2,1,-60,selected_too_early
1000000000000000000,999999999999995563,999999999999995569,999999999999995573,4,11,1,97,999999999999995579,13,10,999999999999995573,4,1,0,correct
1000000000000000000,999999999999995539,999999999999995543,999999999999995549,6,12,1,97,999999999999995561,7,18,999999999999995551,8,2,2,selected_too_late
1000000000000000000,999999999999995419,999999999999995461,999999999999995513,52,6,3,97,999999999999995467,11,6,,,,,no_selection
1000000000000000000,999999999999995341,999999999999995387,999999999999995419,32,3,2,97,999999999999995393,7,6,,,,,no_selection
1000000000000000000,999999999999995261,999999999999995273,999999999999995333,60,4,2,97,999999999999995281,7,8,,,,,no_selection
1000000000000000000,999999999999995231,999999999999995237,999999999999995261,24,5,1,97,999999999999995239,7,2,,,,,no_selection
1000000000000000000,999999999999995149,999999999999995177,999999999999995231,54,7,4,97,999999999999995183,7,6,999999999999995179,2,1,-52,selected_too_early
1000000000000000000,999999999999995131,999999999999995143,999999999999995149,6,8,2,97,999999999999995159,11,16,999999999999995149,6,2,0,correct
1000000000000000000,999999999999995083,999999999999995087,999999999999995131,44,9,4,97,999999999999995089,17,2,,,,,no_selection
1000000000000000000,999999999999994849,999999999999994853,999999999999994897,44,4,2,97,999999999999994859,41,6,,,,,no_selection
1000000000000000000,999999999999994837,999999999999994841,999999999999994843,2,6,1,97,999999999999994847,7,6,999999999999994843,2,1,0,correct
1000000000000000000,999999999999994727,999999999999994739,999999999999994823,84,11,6,97,999999999999994741,11,2,,,,,no_selection
1000000000000000000,999999999999994657,999999999999994661,999999999999994727,66,6,3,97,999999999999994669,13,8,999999999999994667,6,2,-60,selected_too_early
1000000000000000000,999999999999994573,999999999999994577,999999999999994619,42,9,3,97,999999999999994579,17,2,,,,,no_selection
1000000000000000000,999999999999994481,999999999999994507,999999999999994561,54,5,1,97,999999999999994511,7,4,,,,,no_selection
1000000000000000000,999999999999994361,999999999999994373,999999999999994481,108,5,5,97,999999999999994379,23,6,,,,,no_selection
1000000000000000000,999999999999994339,999999999999994349,999999999999994351,2,7,1,97,999999999999994357,7,8,999999999999994351,2,1,0,correct
1000000000000000000,999999999999994297,999999999999994313,999999999999994339,26,8,2,97,999999999999994319,31,6,,,,,no_selection
1000000000000000000,999999999999994211,999999999999994219,999999999999994237,18,7,1,97,999999999999994223,19,4,,,,,no_selection
1000000000000000000,999999999999994193,999999999999994199,999999999999994211,12,8,1,97,999999999999994201,13,2,,,,,no_selection
1000000000000000000,999999999999994117,999999999999994163,999999999999994193,30,6,2,97,999999999999994169,11,6,,,,,no_selection
1000000000000000000,999999999999994073,999999999999994093,999999999999994111,18,6,1,97,999999999999994097,13,4,,,,,no_selection
1000000000000000000,999999999999993989,999999999999993997,999999999999994073,76,9,6,97,999999999999994001,17,4,,,,,no_selection
1000000000000000000,999999999999993683,999999999999993719,999999999999993779,60,5,2,97,999999999999993727,7,8,,,,,no_selection
1000000000000000000,999999999999993647,999999999999993649,999999999999993679,30,6,3,97,999999999999993653,19,4,,,,,no_selection
1000000000000000000,999999999999993571,999999999999993613,999999999999993647,34,9,4,97,999999999999993619,11,6,999999999999993617,4,1,-30,selected_too_early
1000000000000000000,999999999999993281,999999999999993283,999999999999993341,58,4,1,97,999999999999993287,17,4,,,,,no_selection
1000000000000000000,999999999999993269,999999999999993271,999999999999993281,10,6,2,97,999999999999993287,17,16,999999999999993283,12,3,2,selected_too_late
1000000000000000000,999999999999993173,999999999999993233,999999999999993269,36,8,4,97,999999999999993239,13,6,,,,,no_selection
1000000000000000000,999999999999993103,999999999999993119,999999999999993173,54,1,1,97,999999999999993121,19,2,,,,,no_selection
1000000000000000000,999999999999993019,999999999999993023,999999999999993077,54,8,6,97,999999999999993031,13,8,999999999999993029,6,1,-48,selected_too_early
1000000000000000000,999999999999992939,999999999999992989,999999999999993011,22,7,1,97,999999999999992999,7,10,,,,,no_selection
1000000000000000000,999999999999992917,999999999999992921,999999999999992939,18,8,2,97,999999999999992927,13,6,999999999999992923,2,1,-16,selected_too_early
1000000000000000000,999999999999992617,999999999999992647,999999999999992681,34,6,3,97,999999999999992651,11,4,,,,,no_selection
1000000000000000000,999999999999992603,999999999999992611,999999999999992617,6,8,1,97,999999999999992621,7,10,999999999999992617,6,1,0,correct
1000000000000000000,999999999999992581,999999999999992587,999999999999992603,16,9,1,97,999999999999992591,53,4,,,,,no_selection
1000000000000000000,999999999999992503,999999999999992507,999999999999992543,36,10,3,97,999999999999992509,7,2,,,,,no_selection
1000000000000000000,999999999999992473,999999999999992489,999999999999992503,14,9,1,97,999999999999992497,11,8,,,,,no_selection
1000000000000000000,999999999999992417,999999999999992419,999999999999992449,30,8,1,97,999999999999992431,11,12,,,,,no_selection
1000000000000000000,999999999999992333,999999999999992357,999999999999992417,60,6,4,97,999999999999992369,7,12,999999999999992363,6,1,-54,selected_too_early
1000000000000000000,999999999999992219,999999999999992261,999999999999992293,32,6,4,97,999999999999992263,23,2,,,,,no_selection
1000000000000000000,999999999999992177,999999999999992203,999999999999992207,4,7,1,97,999999999999992209,19,6,999999999999992207,4,1,0,correct
1000000000000000000,999999999999992141,999999999999992161,999999999999992177,16,6,1,97,999999999999992167,11,6,,,,,no_selection
1000000000000000000,999999999999992099,999999999999992111,999999999999992141,30,7,2,97,999999999999992117,7,6,,,,,no_selection
1000000000000000000,999999999999992053,999999999999992077,999999999999992099,22,6,1,97,999999999999992081,37,4,,,,,no_selection
1000000000000000000,999999999999991997,999999999999992021,999999999999992053,32,4,1,97,999999999999992029,17,8,,,,,no_selection
1000000000000000000,999999999999991847,999999999999991891,999999999999991967,76,2,2,97,999999999999991897,71,6,,,,,no_selection
1000000000000000000,999999999999991841,999999999999991843,999999999999991847,4,4,1,97,999999999999991849,23,6,999999999999991847,4,1,0,correct
1000000000000000000,999999999999991813,999999999999991831,999999999999991841,10,5,1,97,999999999999991837,7,6,,,,,no_selection
1000000000000000000,999999999999991769,999999999999991789,999999999999991813,24,7,2,97,999999999999991793,11,4,,,,,no_selection
1000000000000000000,999999999999991657,999999999999991699,999999999999991717,18,4,2,97,999999999999991711,7,12,999999999999991703,4,1,-14,selected_too_early
1000000000000000000,999999999999991597,999999999999991633,999999999999991657,24,5,1,97,999999999999991637,37,4,,,,,no_selection
1000000000000000000,999999999999991511,999999999999991513,999999999999991597,84,6,5,97,999999999999991519,17,6,,,,,no_selection
1000000000000000000,999999999999991493,999999999999991499,999999999999991511,12,7,1,97,999999999999991501,7,2,,,,,no_selection
1000000000000000000,999999999999991423,999999999999991433,999999999999991493,60,4,1,97,999999999999991439,43,6,,,,,no_selection
1000000000000000000,999999999999991271,999999999999991273,999999999999991391,118,4,4,97,999999999999991277,7,4,,,,,no_selection
1000000000000000000,999999999999991223,999999999999991241,999999999999991271,30,5,2,97,999999999999991243,11,2,,,,,no_selection
1000000000000000000,999999999999991189,999999999999991201,999999999999991223,22,7,2,97,999999999999991207,7,6,,,,,no_selection
1000000000000000000,999999999999991099,999999999999991139,999999999999991153,14,6,2,97,999999999999991151,7,12,999999999999991147,8,1,-6,selected_too_early
1000000000000000000,999999999999991079,999999999999991091,999999999999991099,8,7,2,97,999999999999991109,7,18,999999999999991099,8,2,0,correct
1000000000000000000,999999999999991037,999999999999991051,999999999999991079,28,9,3,97,999999999999991063,29,12,999999999999991061,10,2,-18,selected_too_early
1000000000000000000,999999999999990961,999999999999990967,999999999999991037,70,6,2,97,999999999999990971,31,4,,,,,no_selection
1000000000000000000,999999999999990877,999999999999990881,999999999999990961,80,4,3,97,999999999999990883,23,2,,,,,no_selection
1000000000000000000,999999999999990713,999999999999990739,999999999999990833,94,7,7,97,999999999999990743,13,4,,,,,no_selection
1000000000000000000,999999999999990593,999999999999990617,999999999999990623,6,2,1,97,999999999999990619,7,2,,,,,no_selection
1000000000000000000,999999999999990551,999999999999990553,999999999999990593,40,5,3,97,999999999999990563,7,10,,,,,no_selection
1000000000000000000,999999999999990323,999999999999990359,999999999999990401,42,7,5,97,999999999999990367,7,8,999999999999990361,2,1,-40,selected_too_early
1000000000000000000,999999999999990203,999999999999990217,999999999999990323,106,8,8,97,999999999999990221,47,4,,,,,no_selection
1000000000000000000,999999999999990151,999999999999990163,999999999999990169,6,6,1,97,999999999999990187,11,24,999999999999990169,6,1,0,correct
1000000000000000000,999999999999990113,999999999999990133,999999999999990151,18,6,1,97,999999999999990137,67,4,,,,,no_selection
1000000000000000000,999999999999990071,999999999999990097,999999999999990107,10,7,1,97,999999999999990101,7,4,,,,,no_selection
1000000000000000000,999999999999989969,999999999999989983,999999999999989999,16,4,1,97,999999999999989989,7,6,,,,,no_selection
1000000000000000000,999999999999989951,999999999999989957,999999999999989969,12,5,1,97,999999999999989963,13,6,,,,,no_selection
1000000000000000000,999999999999989893,999999999999989927,999999999999989951,24,5,1,97,999999999999989929,19,2,,,,,no_selection
1000000000000000000,999999999999989867,999999999999989881,999999999999989893,12,6,1,97,999999999999989887,17,6,,,,,no_selection
1000000000000000000,999999999999989759,999999999999989789,999999999999989801,12,6,2,97,999999999999989791,11,2,,,,,no_selection
