anchor_p,actual_q,actual_offset,candidate_count,structural_survivor_count,structural_survivors,rule_x_survivor_count,rule_x_survivors,rule_x_true_rejected,survivor_lock_survivor_count,survivor_lock_survivors,survivor_lock_true_rejected,label_active_survivor_count,label_active_survivors,label_resolved_survivor_count,label_resolved_survivors,label_unresolved_survivor_count,label_unresolved_survivors,label_lock_true_rejected,label_lock_unique_resolved,label_lock_unique_resolved_match,lock_carrier,lock_carrier_offset,lock_carrier_d,lock_threat,lock_threat_offset,lock_threat_d,survivor_lock_carrier,survivor_lock_carrier_offset,survivor_lock_carrier_d,survivor_lock_threat,survivor_lock_threat_offset,survivor_lock_threat_d,label_lock_carrier,label_lock_carrier_offset,label_lock_carrier_d,label_lock_threat,label_lock_threat_offset,label_lock_threat_d,exact_survivor_count,exact_survivors,exact_unique_match
11,13,2,35,35,"[2, 6, 8, 12, 18, 20, 26, 30, 32, 36, 38, 42, 48, 50, 56, 60, 62, 66, 68, 72, 78, 80, 86, 90, 92, 96, 98, 102, 108, 110, 116, 120, 122, 126, 128]",1,[2],False,1,[2],False,1,[2],1,[2],0,[],False,True,True,12,1,6,14,3,4,12,1,6,14,3,4,12,1,6,14,3,4,1,[2],True
13,17,4,34,34,"[4, 6, 10, 16, 18, 24, 28, 30, 34, 36, 40, 46, 48, 54, 58, 60, 64, 66, 70, 76, 78, 84, 88, 90, 94, 96, 100, 106, 108, 114, 118, 120, 124, 126]",3,"[4, 6, 10]",False,3,"[4, 6, 10]",False,3,"[4, 6, 10]",1,[4],2,"[6, 10]",False,False,False,14,1,4,25,12,3,14,1,4,25,12,3,14,1,4,25,12,3,1,[4],True
17,19,2,34,34,"[2, 6, 12, 14, 20, 24, 26, 30, 32, 36, 42, 44, 50, 54, 56, 60, 62, 66, 72, 74, 80, 84, 86, 90, 92, 96, 102, 104, 110, 114, 116, 120, 122, 126]",1,[2],False,1,[2],False,1,[2],1,[2],0,[],False,True,True,18,1,6,21,4,4,18,1,6,21,4,4,18,1,6,21,4,4,1,[2],True
19,23,4,33,33,"[4, 10, 12, 18, 22, 24, 28, 30, 34, 40, 42, 48, 52, 54, 58, 60, 64, 70, 72, 78, 82, 84, 88, 90, 94, 100, 102, 108, 112, 114, 118, 120, 124]",0,[],True,1,[4],False,1,[4],1,[4],0,[],False,True,True,20,1,6,21,2,4,21,2,4,25,6,3,21,2,4,25,6,3,1,[4],True
23,29,6,34,34,"[6, 8, 14, 18, 20, 24, 26, 30, 36, 38, 44, 48, 50, 54, 56, 60, 66, 68, 74, 78, 80, 84, 86, 90, 96, 98, 104, 108, 110, 114, 116, 120, 126, 128]",0,[],True,34,"[6, 8, 14, 18, 20, 24, 26, 30, 36, 38, 44, 48, 50, 54, 56, 60, 66, 68, 74, 78, 80, 84, 86, 90, 96, 98, 104, 108, 110, 114, 116, 120, 126, 128]",False,27,"[6, 8, 14, 18, 20, 24, 30, 36, 38, 44, 48, 50, 56, 60, 66, 74, 78, 80, 84, 86, 90, 104, 108, 114, 116, 126, 128]",1,[6],26,"[8, 14, 18, 20, 24, 30, 36, 38, 44, 48, 50, 56, 60, 66, 74, 78, 80, 84, 86, 90, 104, 108, 114, 116, 126, 128]",False,False,False,24,1,8,25,2,3,25,2,3,,,,25,2,3,,,,1,[6],True
29,31,2,34,34,"[2, 8, 12, 14, 18, 20, 24, 30, 32, 38, 42, 44, 48, 50, 54, 60, 62, 68, 72, 74, 78, 80, 84, 90, 92, 98, 102, 104, 108, 110, 114, 120, 122, 128]",1,[2],False,1,[2],False,1,[2],1,[2],0,[],False,True,True,30,1,8,32,3,6,30,1,8,32,3,6,30,1,8,32,3,6,1,[2],True
31,37,6,33,33,"[6, 10, 12, 16, 18, 22, 28, 30, 36, 40, 42, 46, 48, 52, 58, 60, 66, 70, 72, 76, 78, 82, 88, 90, 96, 100, 102, 106, 108, 112, 118, 120, 126]",0,[],True,5,"[6, 10, 12, 16, 18]",False,4,"[6, 10, 12, 16]",1,[6],3,"[10, 12, 16]",False,False,False,32,1,6,33,2,4,33,2,4,49,18,3,33,2,4,49,18,3,1,[6],True
37,41,4,34,34,"[4, 6, 10, 12, 16, 22, 24, 30, 34, 36, 40, 42, 46, 52, 54, 60, 64, 66, 70, 72, 76, 82, 84, 90, 94, 96, 100, 102, 106, 112, 114, 120, 124, 126]",4,"[4, 6, 10, 12]",False,4,"[4, 6, 10, 12]",False,3,"[4, 6, 10]",1,[4],2,"[6, 10]",False,False,False,38,1,4,49,12,3,38,1,4,49,12,3,38,1,4,49,12,3,1,[4],True
41,43,2,35,35,"[2, 6, 8, 12, 18, 20, 26, 30, 32, 36, 38, 42, 48, 50, 56, 60, 62, 66, 68, 72, 78, 80, 86, 90, 92, 96, 98, 102, 108, 110, 116, 120, 122, 126, 128]",1,[2],False,1,[2],False,1,[2],1,[2],0,[],False,True,True,42,1,8,44,3,6,42,1,8,44,3,6,42,1,8,44,3,6,1,[2],True
43,47,4,34,34,"[4, 6, 10, 16, 18, 24, 28, 30, 34, 36, 40, 46, 48, 54, 58, 60, 64, 66, 70, 76, 78, 84, 88, 90, 94, 96, 100, 106, 108, 114, 118, 120, 124, 126]",0,[],True,2,"[4, 6]",False,1,[4],1,[4],0,[],False,True,True,44,1,6,46,3,4,46,3,4,49,6,3,46,3,4,49,6,3,1,[4],True
47,53,6,34,34,"[2, 6, 12, 14, 20, 24, 26, 30, 32, 36, 42, 44, 50, 54, 56, 60, 62, 66, 72, 74, 80, 84, 86, 90, 92, 96, 102, 104, 110, 114, 116, 120, 122, 126]",1,[2],True,34,"[2, 6, 12, 14, 20, 24, 26, 30, 32, 36, 42, 44, 50, 54, 56, 60, 62, 66, 72, 74, 80, 84, 86, 90, 92, 96, 102, 104, 110, 114, 116, 120, 122, 126]",False,25,"[6, 12, 14, 20, 24, 26, 32, 36, 42, 50, 54, 56, 60, 62, 66, 80, 84, 90, 92, 102, 104, 110, 116, 120, 126]",1,[6],24,"[12, 14, 20, 24, 26, 32, 36, 42, 50, 54, 56, 60, 62, 66, 80, 84, 90, 92, 102, 104, 110, 116, 120, 126]",False,False,False,48,1,10,49,2,3,49,2,3,,,,49,2,3,,,,1,[6],True
53,59,6,34,34,"[6, 8, 14, 18, 20, 24, 26, 30, 36, 38, 44, 48, 50, 54, 56, 60, 66, 68, 74, 78, 80, 84, 86, 90, 96, 98, 104, 108, 110, 114, 116, 120, 126, 128]",0,[],True,18,"[6, 8, 14, 18, 20, 24, 26, 30, 36, 38, 44, 48, 50, 54, 56, 60, 66, 68]",False,14,"[6, 8, 14, 18, 20, 26, 30, 36, 44, 48, 50, 54, 56, 60]",1,[6],13,"[8, 14, 18, 20, 26, 30, 36, 44, 48, 50, 54, 56, 60]",False,False,False,54,1,8,55,2,4,55,2,4,121,68,3,55,2,4,121,68,3,1,[6],True
59,61,2,34,34,"[2, 8, 12, 14, 18, 20, 24, 30, 32, 38, 42, 44, 48, 50, 54, 60, 62, 68, 72, 74, 78, 80, 84, 90, 92, 98, 102, 104, 108, 110, 114, 120, 122, 128]",1,[2],False,1,[2],False,1,[2],1,[2],0,[],False,True,True,60,1,12,62,3,4,60,1,12,62,3,4,60,1,12,62,3,4,1,[2],True
61,67,6,33,33,"[6, 10, 12, 16, 18, 22, 28, 30, 36, 40, 42, 46, 48, 52, 58, 60, 66, 70, 72, 76, 78, 82, 88, 90, 96, 100, 102, 106, 108, 112, 118, 120, 126]",16,"[6, 10, 12, 16, 18, 22, 28, 30, 36, 40, 42, 46, 48, 52, 58, 60]",False,16,"[6, 10, 12, 16, 18, 22, 28, 30, 36, 40, 42, 46, 48, 52, 58, 60]",False,12,"[6, 10, 12, 18, 22, 28, 36, 40, 42, 46, 48, 52]",1,[6],11,"[10, 12, 18, 22, 28, 36, 40, 42, 46, 48, 52]",False,False,False,62,1,4,121,60,3,62,1,4,121,60,3,62,1,4,121,60,3,1,[6],True
67,71,4,34,34,"[4, 6, 10, 12, 16, 22, 24, 30, 34, 36, 40, 42, 46, 52, 54, 60, 64, 66, 70, 72, 76, 82, 84, 90, 94, 96, 100, 102, 106, 112, 114, 120, 124, 126]",0,[],True,15,"[4, 6, 10, 12, 16, 22, 24, 30, 34, 36, 40, 42, 46, 52, 54]",False,11,"[4, 6, 12, 16, 22, 30, 34, 36, 40, 42, 46]",1,[4],10,"[6, 12, 16, 22, 30, 34, 36, 40, 42, 46]",False,False,False,68,1,6,69,2,4,69,2,4,121,54,3,69,2,4,121,54,3,1,[4],True
71,73,2,35,35,"[2, 6, 8, 12, 18, 20, 26, 30, 32, 36, 38, 42, 48, 50, 56, 60, 62, 66, 68, 72, 78, 80, 86, 90, 92, 96, 98, 102, 108, 110, 116, 120, 122, 126, 128]",1,[2],False,1,[2],False,1,[2],1,[2],0,[],False,True,True,72,1,12,74,3,4,72,1,12,74,3,4,72,1,12,74,3,4,1,[2],True
73,79,6,34,34,"[4, 6, 10, 16, 18, 24, 28, 30, 34, 36, 40, 46, 48, 54, 58, 60, 64, 66, 70, 76, 78, 84, 88, 90, 94, 96, 100, 106, 108, 114, 118, 120, 124, 126]",13,"[4, 6, 10, 16, 18, 24, 28, 30, 34, 36, 40, 46, 48]",False,13,"[4, 6, 10, 16, 18, 24, 28, 30, 34, 36, 40, 46, 48]",False,9,"[6, 10, 16, 24, 28, 30, 34, 36, 40]",1,[6],8,"[10, 16, 24, 28, 30, 34, 36, 40]",False,False,False,74,1,4,121,48,3,74,1,4,121,48,3,74,1,4,121,48,3,1,[6],True
79,83,4,33,33,"[4, 10, 12, 18, 22, 24, 28, 30, 34, 40, 42, 48, 52, 54, 58, 60, 64, 70, 72, 78, 82, 84, 88, 90, 94, 100, 102, 108, 112, 114, 118, 120, 124]",0,[],True,11,"[4, 10, 12, 18, 22, 24, 28, 30, 34, 40, 42]",False,8,"[4, 10, 18, 22, 24, 28, 30, 34]",1,[4],7,"[10, 18, 22, 24, 28, 30, 34]",False,False,False,80,1,10,81,2,5,82,3,4,121,42,3,82,3,4,121,42,3,1,[4],True
83,89,6,34,34,"[6, 8, 14, 18, 20, 24, 26, 30, 36, 38, 44, 48, 50, 54, 56, 60, 66, 68, 74, 78, 80, 84, 86, 90, 96, 98, 104, 108, 110, 114, 116, 120, 126, 128]",0,[],True,10,"[6, 8, 14, 18, 20, 24, 26, 30, 36, 38]",False,7,"[6, 14, 18, 20, 24, 26, 30]",1,[6],6,"[14, 18, 20, 24, 26, 30]",False,False,False,84,1,12,85,2,4,85,2,4,121,38,3,85,2,4,121,38,3,1,[6],True
89,97,8,34,34,"[2, 8, 12, 14, 18, 20, 24, 30, 32, 38, 42, 44, 48, 50, 54, 60, 62, 68, 72, 74, 78, 80, 84, 90, 92, 98, 102, 104, 108, 110, 114, 120, 122, 128]",1,[2],True,9,"[2, 8, 12, 14, 18, 20, 24, 30, 32]",False,6,"[8, 12, 14, 18, 20, 24]",1,[8],5,"[12, 14, 18, 20, 24]",False,False,False,90,1,12,91,2,4,91,2,4,121,32,3,91,2,4,121,32,3,1,[8],True
97,101,4,34,34,"[4, 6, 10, 12, 16, 22, 24, 30, 34, 36, 40, 42, 46, 52, 54, 60, 64, 66, 70, 72, 76, 82, 84, 90, 94, 96, 100, 102, 106, 112, 114, 120, 124, 126]",2,"[4, 6]",False,2,"[4, 6]",False,2,"[4, 6]",1,[4],1,[6],False,False,False,98,1,6,106,9,4,98,1,6,106,9,4,98,1,6,106,9,4,1,[4],True
101,103,2,35,35,"[2, 6, 8, 12, 18, 20, 26, 30, 32, 36, 38, 42, 48, 50, 56, 60, 62, 66, 68, 72, 78, 80, 86, 90, 92, 96, 98, 102, 108, 110, 116, 120, 122, 126, 128]",1,[2],False,1,[2],False,1,[2],1,[2],0,[],False,True,True,102,1,8,106,5,4,102,1,8,106,5,4,102,1,8,106,5,4,1,[2],True
103,107,4,34,34,"[4, 6, 10, 16, 18, 24, 28, 30, 34, 36, 40, 46, 48, 54, 58, 60, 64, 66, 70, 76, 78, 84, 88, 90, 94, 96, 100, 106, 108, 114, 118, 120, 124, 126]",0,[],True,5,"[4, 6, 10, 16, 18]",False,3,"[4, 6, 10]",1,[4],2,"[6, 10]",False,False,False,104,1,8,106,3,4,106,3,4,121,18,3,106,3,4,121,18,3,1,[4],True
107,109,2,34,34,"[2, 6, 12, 14, 20, 24, 26, 30, 32, 36, 42, 44, 50, 54, 56, 60, 62, 66, 72, 74, 80, 84, 86, 90, 92, 96, 102, 104, 110, 114, 116, 120, 122, 126]",1,[2],False,1,[2],False,1,[2],1,[2],0,[],False,True,True,108,1,12,110,3,8,108,1,12,110,3,8,108,1,12,110,3,8,1,[2],True
109,113,4,33,33,"[4, 10, 12, 18, 22, 24, 28, 30, 34, 40, 42, 48, 52, 54, 58, 60, 64, 70, 72, 78, 82, 84, 88, 90, 94, 100, 102, 108, 112, 114, 118, 120, 124]",0,[],True,3,"[4, 10, 12]",False,1,[4],1,[4],0,[],False,True,True,110,1,8,111,2,4,111,2,4,121,12,3,111,2,4,121,12,3,1,[4],True
113,127,14,34,34,"[6, 8, 14, 18, 20, 24, 26, 30, 36, 38, 44, 48, 50, 54, 56, 60, 66, 68, 74, 78, 80, 84, 86, 90, 96, 98, 104, 108, 110, 114, 116, 120, 126, 128]",0,[],True,34,"[6, 8, 14, 18, 20, 24, 26, 30, 36, 38, 44, 48, 50, 54, 56, 60, 66, 68, 74, 78, 80, 84, 86, 90, 96, 98, 104, 108, 110, 114, 116, 120, 126, 128]",False,23,"[14, 18, 24, 26, 36, 38, 44, 50, 54, 60, 66, 68, 78, 80, 84, 86, 98, 110, 114, 116, 120, 126, 128]",1,[14],22,"[18, 24, 26, 36, 38, 44, 50, 54, 60, 66, 68, 78, 80, 84, 86, 98, 110, 114, 116, 120, 126, 128]",False,False,False,114,1,8,115,2,4,121,8,3,,,,121,8,3,,,,1,[14],True
127,131,4,34,34,"[4, 6, 10, 12, 16, 22, 24, 30, 34, 36, 40, 42, 46, 52, 54, 60, 64, 66, 70, 72, 76, 82, 84, 90, 94, 96, 100, 102, 106, 112, 114, 120, 124, 126]",0,[],True,12,"[4, 6, 10, 12, 16, 22, 24, 30, 34, 36, 40, 42]",False,8,"[4, 10, 12, 22, 24, 30, 36, 40]",1,[4],7,"[10, 12, 22, 24, 30, 36, 40]",False,False,False,128,1,8,129,2,4,129,2,4,169,42,3,129,2,4,169,42,3,1,[4],True
131,137,6,35,35,"[2, 6, 8, 12, 18, 20, 26, 30, 32, 36, 38, 42, 48, 50, 56, 60, 62, 66, 68, 72, 78, 80, 86, 90, 92, 96, 98, 102, 108, 110, 116, 120, 122, 126, 128]",1,[2],True,11,"[2, 6, 8, 12, 18, 20, 26, 30, 32, 36, 38]",False,7,"[6, 8, 18, 20, 26, 32, 36]",1,[6],6,"[8, 18, 20, 26, 32, 36]",False,False,False,132,1,12,133,2,4,133,2,4,169,38,3,133,2,4,169,38,3,1,[6],True
137,139,2,34,34,"[2, 6, 12, 14, 20, 24, 26, 30, 32, 36, 42, 44, 50, 54, 56, 60, 62, 66, 72, 74, 80, 84, 86, 90, 92, 96, 102, 104, 110, 114, 116, 120, 122, 126]",1,[2],False,1,[2],False,1,[2],1,[2],0,[],False,True,True,138,1,8,141,4,4,138,1,8,141,4,4,138,1,8,141,4,4,1,[2],True
139,149,10,33,33,"[4, 10, 12, 18, 22, 24, 28, 30, 34, 40, 42, 48, 52, 54, 58, 60, 64, 70, 72, 78, 82, 84, 88, 90, 94, 100, 102, 108, 112, 114, 118, 120, 124]",0,[],True,8,"[4, 10, 12, 18, 22, 24, 28, 30]",False,5,"[10, 12, 18, 24, 28]",1,[10],4,"[12, 18, 24, 28]",False,False,False,140,1,12,141,2,4,141,2,4,169,30,3,141,2,4,169,30,3,1,[10],True
149,151,2,34,34,"[2, 8, 12, 14, 18, 20, 24, 30, 32, 38, 42, 44, 48, 50, 54, 60, 62, 68, 72, 74, 78, 80, 84, 90, 92, 98, 102, 104, 108, 110, 114, 120, 122, 128]",1,[2],False,1,[2],False,1,[2],1,[2],0,[],False,True,True,150,1,12,152,3,8,150,1,12,152,3,8,150,1,12,152,3,8,1,[2],True
151,157,6,33,33,"[6, 10, 12, 16, 18, 22, 28, 30, 36, 40, 42, 46, 48, 52, 58, 60, 66, 70, 72, 76, 78, 82, 88, 90, 96, 100, 102, 106, 108, 112, 118, 120, 126]",0,[],True,5,"[6, 10, 12, 16, 18]",False,3,"[6, 12, 16]",1,[6],2,"[12, 16]",False,False,False,152,1,8,153,2,6,155,4,4,169,18,3,155,4,4,169,18,3,1,[6],True
157,163,6,34,34,"[4, 6, 10, 12, 16, 22, 24, 30, 34, 36, 40, 42, 46, 52, 54, 60, 64, 66, 70, 72, 76, 82, 84, 90, 94, 96, 100, 102, 106, 112, 114, 120, 124, 126]",4,"[4, 6, 10, 12]",False,4,"[4, 6, 10, 12]",False,2,"[6, 10]",1,[6],1,[10],False,False,False,158,1,4,169,12,3,158,1,4,169,12,3,158,1,4,169,12,3,1,[6],True
163,167,4,34,34,"[4, 6, 10, 16, 18, 24, 28, 30, 34, 36, 40, 46, 48, 54, 58, 60, 64, 66, 70, 76, 78, 84, 88, 90, 94, 96, 100, 106, 108, 114, 118, 120, 124, 126]",0,[],True,2,"[4, 6]",False,1,[4],1,[4],0,[],False,True,True,164,1,6,166,3,4,166,3,4,169,6,3,166,3,4,169,6,3,1,[4],True
167,173,6,34,34,"[2, 6, 12, 14, 20, 24, 26, 30, 32, 36, 42, 44, 50, 54, 56, 60, 62, 66, 72, 74, 80, 84, 86, 90, 92, 96, 102, 104, 110, 114, 116, 120, 122, 126]",1,[2],True,34,"[2, 6, 12, 14, 20, 24, 26, 30, 32, 36, 42, 44, 50, 54, 56, 60, 62, 66, 72, 74, 80, 84, 86, 90, 92, 96, 102, 104, 110, 114, 116, 120, 122, 126]",False,23,"[6, 12, 14, 24, 26, 30, 32, 44, 56, 60, 62, 66, 72, 74, 84, 90, 96, 102, 104, 110, 114, 116, 126]",1,[6],22,"[12, 14, 24, 26, 30, 32, 44, 56, 60, 62, 66, 72, 74, 84, 90, 96, 102, 104, 110, 114, 116, 126]",False,False,False,168,1,16,169,2,3,169,2,3,,,,169,2,3,,,,1,[6],True
173,179,6,34,34,"[6, 8, 14, 18, 20, 24, 26, 30, 36, 38, 44, 48, 50, 54, 56, 60, 66, 68, 74, 78, 80, 84, 86, 90, 96, 98, 104, 108, 110, 114, 116, 120, 126, 128]",0,[],True,31,"[6, 8, 14, 18, 20, 24, 26, 30, 36, 38, 44, 48, 50, 54, 56, 60, 66, 68, 74, 78, 80, 84, 86, 90, 96, 98, 104, 108, 110, 114, 116]",False,21,"[6, 8, 18, 20, 24, 26, 38, 50, 54, 56, 60, 66, 68, 78, 84, 90, 96, 98, 104, 108, 110]",1,[6],20,"[8, 18, 20, 24, 26, 38, 50, 54, 56, 60, 66, 68, 78, 84, 90, 96, 98, 104, 108, 110]",False,False,False,174,1,8,175,2,6,177,4,4,289,116,3,177,4,4,289,116,3,1,[6],True
179,181,2,34,34,"[2, 8, 12, 14, 18, 20, 24, 30, 32, 38, 42, 44, 48, 50, 54, 60, 62, 68, 72, 74, 78, 80, 84, 90, 92, 98, 102, 104, 108, 110, 114, 120, 122, 128]",1,[2],False,1,[2],False,1,[2],1,[2],0,[],False,True,True,180,1,18,182,3,8,180,1,18,182,3,8,180,1,18,182,3,8,1,[2],True
181,191,10,33,33,"[6, 10, 12, 16, 18, 22, 28, 30, 36, 40, 42, 46, 48, 52, 58, 60, 66, 70, 72, 76, 78, 82, 88, 90, 96, 100, 102, 106, 108, 112, 118, 120, 126]",0,[],True,29,"[6, 10, 12, 16, 18, 22, 28, 30, 36, 40, 42, 46, 48, 52, 58, 60, 66, 70, 72, 76, 78, 82, 88, 90, 96, 100, 102, 106, 108]",False,19,"[10, 12, 16, 18, 30, 42, 46, 48, 52, 58, 60, 70, 76, 82, 88, 90, 96, 100, 102]",1,[10],18,"[12, 16, 18, 30, 42, 46, 48, 52, 58, 60, 70, 76, 82, 88, 90, 96, 100, 102]",False,False,False,182,1,8,183,2,4,183,2,4,289,108,3,183,2,4,289,108,3,1,[10],True
191,193,2,35,35,"[2, 6, 8, 12, 18, 20, 26, 30, 32, 36, 38, 42, 48, 50, 56, 60, 62, 66, 68, 72, 78, 80, 86, 90, 92, 96, 98, 102, 108, 110, 116, 120, 122, 126, 128]",1,[2],False,1,[2],False,1,[2],1,[2],0,[],False,True,True,192,1,14,194,3,4,192,1,14,194,3,4,192,1,14,194,3,4,1,[2],True
193,197,4,34,34,"[4, 6, 10, 16, 18, 24, 28, 30, 34, 36, 40, 46, 48, 54, 58, 60, 64, 66, 70, 76, 78, 84, 88, 90, 94, 96, 100, 106, 108, 114, 118, 120, 124, 126]",26,"[4, 6, 10, 16, 18, 24, 28, 30, 34, 36, 40, 46, 48, 54, 58, 60, 64, 66, 70, 76, 78, 84, 88, 90, 94, 96]",False,26,"[4, 6, 10, 16, 18, 24, 28, 30, 34, 36, 40, 46, 48, 54, 58, 60, 64, 66, 70, 76, 78, 84, 88, 90, 94, 96]",False,17,"[4, 6, 18, 30, 34, 36, 40, 46, 48, 58, 64, 70, 76, 78, 84, 88, 90]",1,[4],16,"[6, 18, 30, 34, 36, 40, 46, 48, 58, 64, 70, 76, 78, 84, 88, 90]",False,False,False,194,1,4,289,96,3,194,1,4,289,96,3,194,1,4,289,96,3,1,[4],True
197,199,2,34,34,"[2, 6, 12, 14, 20, 24, 26, 30, 32, 36, 42, 44, 50, 54, 56, 60, 62, 66, 72, 74, 80, 84, 86, 90, 92, 96, 102, 104, 110, 114, 116, 120, 122, 126]",1,[2],False,1,[2],False,1,[2],1,[2],0,[],False,True,True,198,1,12,201,4,4,198,1,12,201,4,4,198,1,12,201,4,4,1,[2],True
199,211,12,33,33,"[4, 10, 12, 18, 22, 24, 28, 30, 34, 40, 42, 48, 52, 54, 58, 60, 64, 70, 72, 78, 82, 84, 88, 90, 94, 100, 102, 108, 112, 114, 118, 120, 124]",0,[],True,24,"[4, 10, 12, 18, 22, 24, 28, 30, 34, 40, 42, 48, 52, 54, 58, 60, 64, 70, 72, 78, 82, 84, 88, 90]",False,15,"[12, 24, 28, 30, 34, 40, 42, 52, 58, 64, 70, 72, 78, 82, 84]",1,[12],14,"[24, 28, 30, 34, 40, 42, 52, 58, 64, 70, 72, 78, 82, 84]",False,False,False,200,1,12,201,2,4,201,2,4,289,90,3,201,2,4,289,90,3,1,[12],True
211,223,12,33,33,"[6, 10, 12, 16, 18, 22, 28, 30, 36, 40, 42, 46, 48, 52, 58, 60, 66, 70, 72, 76, 78, 82, 88, 90, 96, 100, 102, 106, 108, 112, 118, 120, 126]",0,[],True,21,"[6, 10, 12, 16, 18, 22, 28, 30, 36, 40, 42, 46, 48, 52, 58, 60, 66, 70, 72, 76, 78]",False,14,"[12, 16, 18, 22, 28, 30, 40, 46, 52, 58, 60, 66, 70, 72]",1,[12],13,"[16, 18, 22, 28, 30, 40, 46, 52, 58, 60, 66, 70, 72]",False,False,False,212,1,6,213,2,4,213,2,4,289,78,3,213,2,4,289,78,3,1,[12],True
223,227,4,34,34,"[4, 6, 10, 16, 18, 24, 28, 30, 34, 36, 40, 46, 48, 54, 58, 60, 64, 66, 70, 76, 78, 84, 88, 90, 94, 96, 100, 106, 108, 114, 118, 120, 124, 126]",0,[],True,18,"[4, 6, 10, 16, 18, 24, 28, 30, 34, 36, 40, 46, 48, 54, 58, 60, 64, 66]",False,13,"[4, 6, 10, 16, 18, 28, 34, 40, 46, 48, 54, 58, 60]",1,[4],12,"[6, 10, 16, 18, 28, 34, 40, 46, 48, 54, 58, 60]",False,False,False,224,1,12,225,2,9,226,3,4,289,66,3,226,3,4,289,66,3,1,[4],True
227,229,2,34,34,"[2, 6, 12, 14, 20, 24, 26, 30, 32, 36, 42, 44, 50, 54, 56, 60, 62, 66, 72, 74, 80, 84, 86, 90, 92, 96, 102, 104, 110, 114, 116, 120, 122, 126]",1,[2],False,1,[2],False,1,[2],1,[2],0,[],False,True,True,228,1,12,230,3,8,228,1,12,230,3,8,228,1,12,230,3,8,1,[2],True
229,233,4,33,33,"[4, 10, 12, 18, 22, 24, 28, 30, 34, 40, 42, 48, 52, 54, 58, 60, 64, 70, 72, 78, 82, 84, 88, 90, 94, 100, 102, 108, 112, 114, 118, 120, 124]",1,[4],False,1,[4],False,1,[4],1,[4],0,[],False,True,True,230,1,8,235,6,4,230,1,8,235,6,4,230,1,8,235,6,4,1,[4],True
233,239,6,34,34,"[6, 8, 14, 18, 20, 24, 26, 30, 36, 38, 44, 48, 50, 54, 56, 60, 66, 68, 74, 78, 80, 84, 86, 90, 96, 98, 104, 108, 110, 114, 116, 120, 126, 128]",0,[],True,15,"[6, 8, 14, 18, 20, 24, 26, 30, 36, 38, 44, 48, 50, 54, 56]",False,10,"[6, 8, 18, 24, 30, 36, 38, 44, 48, 50]",1,[6],9,"[8, 18, 24, 30, 36, 38, 44, 48, 50]",False,False,False,234,1,12,235,2,4,235,2,4,289,56,3,235,2,4,289,56,3,1,[6],True
239,241,2,34,34,"[2, 8, 12, 14, 18, 20, 24, 30, 32, 38, 42, 44, 48, 50, 54, 60, 62, 68, 72, 74, 78, 80, 84, 90, 92, 98, 102, 104, 108, 110, 114, 120, 122, 128]",1,[2],False,1,[2],False,1,[2],1,[2],0,[],False,True,True,240,1,20,242,3,6,240,1,20,242,3,6,240,1,20,242,3,6,1,[2],True
241,251,10,33,33,"[6, 10, 12, 16, 18, 22, 28, 30, 36, 40, 42, 46, 48, 52, 58, 60, 66, 70, 72, 76, 78, 82, 88, 90, 96, 100, 102, 106, 108, 112, 118, 120, 126]",1,[6],True,13,"[6, 10, 12, 16, 18, 22, 28, 30, 36, 40, 42, 46, 48]",False,8,"[10, 16, 22, 28, 30, 36, 40, 42]",1,[10],7,"[16, 22, 28, 30, 36, 40, 42]",False,False,False,242,1,6,247,6,4,247,6,4,289,48,3,247,6,4,289,48,3,1,[10],True
251,257,6,35,35,"[2, 6, 8, 12, 18, 20, 26, 30, 32, 36, 38, 42, 48, 50, 56, 60, 62, 66, 68, 72, 78, 80, 86, 90, 92, 96, 98, 102, 108, 110, 116, 120, 122, 126, 128]",1,[2],True,11,"[2, 6, 8, 12, 18, 20, 26, 30, 32, 36, 38]",False,7,"[6, 12, 18, 20, 26, 30, 32]",1,[6],6,"[12, 18, 20, 26, 30, 32]",False,False,False,252,1,18,253,2,4,253,2,4,289,38,3,253,2,4,289,38,3,1,[6],True
257,263,6,34,34,"[2, 6, 12, 14, 20, 24, 26, 30, 32, 36, 42, 44, 50, 54, 56, 60, 62, 66, 72, 74, 80, 84, 86, 90, 92, 96, 102, 104, 110, 114, 116, 120, 122, 126]",1,[2],True,9,"[2, 6, 12, 14, 20, 24, 26, 30, 32]",False,6,"[6, 12, 14, 20, 24, 26]",1,[6],5,"[12, 14, 20, 24, 26]",False,False,False,258,1,8,259,2,4,259,2,4,289,32,3,259,2,4,289,32,3,1,[6],True
263,269,6,34,34,"[6, 8, 14, 18, 20, 24, 26, 30, 36, 38, 44, 48, 50, 54, 56, 60, 66, 68, 74, 78, 80, 84, 86, 90, 96, 98, 104, 108, 110, 114, 116, 120, 126, 128]",0,[],True,7,"[6, 8, 14, 18, 20, 24, 26]",False,5,"[6, 8, 14, 18, 20]",1,[6],4,"[8, 14, 18, 20]",False,False,False,264,1,16,265,2,4,265,2,4,289,26,3,265,2,4,289,26,3,1,[6],True
269,271,2,34,34,"[2, 8, 12, 14, 18, 20, 24, 30, 32, 38, 42, 44, 48, 50, 54, 60, 62, 68, 72, 74, 78, 80, 84, 90, 92, 98, 102, 104, 108, 110, 114, 120, 122, 128]",1,[2],False,1,[2],False,1,[2],1,[2],0,[],False,True,True,270,1,16,272,3,10,270,1,16,272,3,10,270,1,16,272,3,10,1,[2],True
271,277,6,33,33,"[6, 10, 12, 16, 18, 22, 28, 30, 36, 40, 42, 46, 48, 52, 58, 60, 66, 70, 72, 76, 78, 82, 88, 90, 96, 100, 102, 106, 108, 112, 118, 120, 126]",0,[],True,5,"[6, 10, 12, 16, 18]",False,3,"[6, 10, 12]",1,[6],2,"[10, 12]",False,False,False,272,1,10,273,2,8,274,3,4,289,18,3,274,3,4,289,18,3,1,[6],True
277,281,4,34,34,"[4, 6, 10, 12, 16, 22, 24, 30, 34, 36, 40, 42, 46, 52, 54, 60, 64, 66, 70, 72, 76, 82, 84, 90, 94, 96, 100, 102, 106, 112, 114, 120, 124, 126]",4,"[4, 6, 10, 12]",False,4,"[4, 6, 10, 12]",False,2,"[4, 6]",1,[4],1,[6],False,False,False,278,1,4,289,12,3,278,1,4,289,12,3,278,1,4,289,12,3,1,[4],True
281,283,2,35,35,"[2, 6, 8, 12, 18, 20, 26, 30, 32, 36, 38, 42, 48, 50, 56, 60, 62, 66, 68, 72, 78, 80, 86, 90, 92, 96, 98, 102, 108, 110, 116, 120, 122, 126, 128]",1,[2],False,1,[2],False,1,[2],1,[2],0,[],False,True,True,282,1,8,284,3,6,282,1,8,284,3,6,282,1,8,284,3,6,1,[2],True
283,293,10,34,34,"[4, 6, 10, 16, 18, 24, 28, 30, 34, 36, 40, 46, 48, 54, 58, 60, 64, 66, 70, 76, 78, 84, 88, 90, 94, 96, 100, 106, 108, 114, 118, 120, 124, 126]",1,[4],True,34,"[4, 6, 10, 16, 18, 24, 28, 30, 34, 36, 40, 46, 48, 54, 58, 60, 64, 66, 70, 76, 78, 84, 88, 90, 94, 96, 100, 106, 108, 114, 118, 120, 124, 126]",False,19,"[10, 24, 28, 30, 34, 48, 54, 64, 66, 70, 76, 84, 90, 96, 100, 106, 114, 118, 126]",1,[10],18,"[24, 28, 30, 34, 48, 54, 64, 66, 70, 76, 84, 90, 96, 100, 106, 114, 118, 126]",False,False,False,284,1,6,287,4,4,289,6,3,,,,289,6,3,,,,1,[10],True
293,307,14,34,34,"[6, 8, 14, 18, 20, 24, 26, 30, 36, 38, 44, 48, 50, 54, 56, 60, 66, 68, 74, 78, 80, 84, 86, 90, 96, 98, 104, 108, 110, 114, 116, 120, 126, 128]",0,[],True,18,"[6, 8, 14, 18, 20, 24, 26, 30, 36, 38, 44, 48, 50, 54, 56, 60, 66, 68]",False,10,"[14, 18, 20, 24, 38, 44, 54, 56, 60, 66]",1,[14],9,"[18, 20, 24, 38, 44, 54, 56, 60, 66]",False,False,False,294,1,12,295,2,4,295,2,4,361,68,3,295,2,4,361,68,3,1,[14],True
307,311,4,34,34,"[4, 6, 10, 12, 16, 22, 24, 30, 34, 36, 40, 42, 46, 52, 54, 60, 64, 66, 70, 72, 76, 82, 84, 90, 94, 96, 100, 102, 106, 112, 114, 120, 124, 126]",0,[],True,15,"[4, 6, 10, 12, 16, 22, 24, 30, 34, 36, 40, 42, 46, 52, 54]",False,9,"[4, 6, 10, 24, 30, 40, 42, 46, 52]",1,[4],8,"[6, 10, 24, 30, 40, 42, 46, 52]",False,False,False,308,1,12,309,2,4,309,2,4,361,54,3,309,2,4,361,54,3,1,[4],True
311,313,2,35,35,"[2, 6, 8, 12, 18, 20, 26, 30, 32, 36, 38, 42, 48, 50, 56, 60, 62, 66, 68, 72, 78, 80, 86, 90, 92, 96, 98, 102, 108, 110, 116, 120, 122, 126, 128]",1,[2],False,1,[2],False,1,[2],1,[2],0,[],False,True,True,312,1,16,314,3,4,312,1,16,314,3,4,312,1,16,314,3,4,1,[2],True
313,317,4,34,34,"[4, 6, 10, 16, 18, 24, 28, 30, 34, 36, 40, 46, 48, 54, 58, 60, 64, 66, 70, 76, 78, 84, 88, 90, 94, 96, 100, 106, 108, 114, 118, 120, 124, 126]",13,"[4, 6, 10, 16, 18, 24, 28, 30, 34, 36, 40, 46, 48]",False,13,"[4, 6, 10, 16, 18, 24, 28, 30, 34, 36, 40, 46, 48]",False,7,"[4, 18, 24, 34, 36, 40, 46]",1,[4],6,"[18, 24, 34, 36, 40, 46]",False,False,False,314,1,4,361,48,3,314,1,4,361,48,3,314,1,4,361,48,3,1,[4],True
317,331,14,34,34,"[2, 6, 12, 14, 20, 24, 26, 30, 32, 36, 42, 44, 50, 54, 56, 60, 62, 66, 72, 74, 80, 84, 86, 90, 92, 96, 102, 104, 110, 114, 116, 120, 122, 126]",1,[2],True,12,"[2, 6, 12, 14, 20, 24, 26, 30, 32, 36, 42, 44]",False,6,"[14, 20, 30, 32, 36, 42]",1,[14],5,"[20, 30, 32, 36, 42]",False,False,False,318,1,8,319,2,4,319,2,4,361,44,3,319,2,4,361,44,3,1,[14],True
331,337,6,33,33,"[6, 10, 12, 16, 18, 22, 28, 30, 36, 40, 42, 46, 48, 52, 58, 60, 66, 70, 72, 76, 78, 82, 88, 90, 96, 100, 102, 106, 108, 112, 118, 120, 126]",0,[],True,8,"[6, 10, 12, 16, 18, 22, 28, 30]",False,5,"[6, 16, 18, 22, 28]",1,[6],4,"[16, 18, 22, 28]",False,False,False,332,1,6,334,3,4,334,3,4,361,30,3,334,3,4,361,30,3,1,[6],True
337,347,10,34,34,"[4, 6, 10, 12, 16, 22, 24, 30, 34, 36, 40, 42, 46, 52, 54, 60, 64, 66, 70, 72, 76, 82, 84, 90, 94, 96, 100, 102, 106, 112, 114, 120, 124, 126]",0,[],True,7,"[4, 6, 10, 12, 16, 22, 24]",False,4,"[10, 12, 16, 22]",1,[10],3,"[12, 16, 22]",False,False,False,338,1,6,339,2,4,339,2,4,361,24,3,339,2,4,361,24,3,1,[10],True
347,349,2,34,34,"[2, 6, 12, 14, 20, 24, 26, 30, 32, 36, 42, 44, 50, 54, 56, 60, 62, 66, 72, 74, 80, 84, 86, 90, 92, 96, 102, 104, 110, 114, 116, 120, 122, 126]",1,[2],False,1,[2],False,1,[2],1,[2],0,[],False,True,True,348,1,12,351,4,8,348,1,12,351,4,8,348,1,12,351,4,8,1,[2],True
349,353,4,33,33,"[4, 10, 12, 18, 22, 24, 28, 30, 34, 40, 42, 48, 52, 54, 58, 60, 64, 70, 72, 78, 82, 84, 88, 90, 94, 100, 102, 108, 112, 114, 118, 120, 124]",0,[],True,1,[4],False,1,[4],1,[4],0,[],False,True,True,350,1,12,351,2,8,351,2,8,355,6,4,351,2,8,355,6,4,1,[4],True
353,359,6,34,34,"[6, 8, 14, 18, 20, 24, 26, 30, 36, 38, 44, 48, 50, 54, 56, 60, 66, 68, 74, 78, 80, 84, 86, 90, 96, 98, 104, 108, 110, 114, 116, 120, 126, 128]",0,[],True,2,"[6, 8]",False,1,[6],1,[6],0,[],False,True,True,354,1,8,355,2,4,355,2,4,361,8,3,355,2,4,361,8,3,1,[6],True
359,367,8,34,34,"[2, 8, 12, 14, 18, 20, 24, 30, 32, 38, 42, 44, 48, 50, 54, 60, 62, 68, 72, 74, 78, 80, 84, 90, 92, 98, 102, 104, 108, 110, 114, 120, 122, 128]",1,[2],True,34,"[2, 8, 12, 14, 18, 20, 24, 30, 32, 38, 42, 44, 48, 50, 54, 60, 62, 68, 72, 74, 78, 80, 84, 90, 92, 98, 102, 104, 108, 110, 114, 120, 122, 128]",False,21,"[8, 14, 20, 24, 30, 38, 42, 50, 60, 62, 72, 74, 80, 84, 90, 98, 102, 104, 108, 120, 128]",1,[8],20,"[14, 20, 24, 30, 38, 42, 50, 60, 62, 72, 74, 80, 84, 90, 98, 102, 104, 108, 120, 128]",False,False,False,360,1,24,361,2,3,361,2,3,,,,361,2,3,,,,1,[8],True
367,373,6,34,34,"[4, 6, 10, 12, 16, 22, 24, 30, 34, 36, 40, 42, 46, 52, 54, 60, 64, 66, 70, 72, 76, 82, 84, 90, 94, 96, 100, 102, 106, 112, 114, 120, 124, 126]",0,[],True,34,"[4, 6, 10, 12, 16, 22, 24, 30, 34, 36, 40, 42, 46, 52, 54, 60, 64, 66, 70, 72, 76, 82, 84, 90, 94, 96, 100, 102, 106, 112, 114, 120, 124, 126]",False,21,"[6, 12, 16, 22, 30, 34, 42, 52, 54, 64, 66, 72, 76, 82, 90, 94, 96, 100, 112, 120, 124]",1,[6],20,"[12, 16, 22, 30, 34, 42, 52, 54, 64, 66, 72, 76, 82, 90, 94, 96, 100, 112, 120, 124]",False,False,False,368,1,10,369,2,6,371,4,4,,,,371,4,4,,,,1,[6],True
373,379,6,34,34,"[4, 6, 10, 16, 18, 24, 28, 30, 34, 36, 40, 46, 48, 54, 58, 60, 64, 66, 70, 76, 78, 84, 88, 90, 94, 96, 100, 106, 108, 114, 118, 120, 124, 126]",1,[4],True,34,"[4, 6, 10, 16, 18, 24, 28, 30, 34, 36, 40, 46, 48, 54, 58, 60, 64, 66, 70, 76, 78, 84, 88, 90, 94, 96, 100, 106, 108, 114, 118, 120, 124, 126]",False,21,"[6, 10, 16, 24, 28, 36, 46, 48, 58, 60, 66, 70, 76, 84, 88, 90, 94, 106, 114, 118, 126]",1,[6],20,"[10, 16, 24, 28, 36, 46, 48, 58, 60, 66, 70, 76, 84, 88, 90, 94, 106, 114, 118, 126]",False,False,False,374,1,8,377,4,4,377,4,4,,,,377,4,4,,,,1,[6],True
379,383,4,33,33,"[4, 10, 12, 18, 22, 24, 28, 30, 34, 40, 42, 48, 52, 54, 58, 60, 64, 70, 72, 78, 82, 84, 88, 90, 94, 100, 102, 108, 112, 114, 118, 120, 124]",0,[],True,33,"[4, 10, 12, 18, 22, 24, 28, 30, 34, 40, 42, 48, 52, 54, 58, 60, 64, 70, 72, 78, 82, 84, 88, 90, 94, 100, 102, 108, 112, 114, 118, 120, 124]",False,21,"[4, 10, 18, 22, 30, 40, 42, 52, 54, 60, 64, 70, 78, 82, 84, 88, 100, 108, 112, 120, 124]",1,[4],20,"[10, 18, 22, 30, 40, 42, 52, 54, 60, 64, 70, 78, 82, 84, 88, 100, 108, 112, 120, 124]",False,False,False,380,1,12,381,2,4,381,2,4,,,,381,2,4,,,,1,[4],True
383,389,6,34,34,"[6, 8, 14, 18, 20, 24, 26, 30, 36, 38, 44, 48, 50, 54, 56, 60, 66, 68, 74, 78, 80, 84, 86, 90, 96, 98, 104, 108, 110, 114, 116, 120, 126, 128]",0,[],True,34,"[6, 8, 14, 18, 20, 24, 26, 30, 36, 38, 44, 48, 50, 54, 56, 60, 66, 68, 74, 78, 80, 84, 86, 90, 96, 98, 104, 108, 110, 114, 116, 120, 126, 128]",False,21,"[6, 14, 18, 26, 36, 38, 48, 50, 56, 60, 66, 74, 78, 80, 84, 96, 104, 108, 116, 120, 126]",1,[6],20,"[14, 18, 26, 36, 38, 48, 50, 56, 60, 66, 74, 78, 80, 84, 96, 104, 108, 116, 120, 126]",False,False,False,384,1,16,385,2,8,386,3,4,,,,386,3,4,,,,1,[6],True
389,397,8,34,34,"[2, 8, 12, 14, 18, 20, 24, 30, 32, 38, 42, 44, 48, 50, 54, 60, 62, 68, 72, 74, 78, 80, 84, 90, 92, 98, 102, 104, 108, 110, 114, 120, 122, 128]",1,[2],True,34,"[2, 8, 12, 14, 18, 20, 24, 30, 32, 38, 42, 44, 48, 50, 54, 60, 62, 68, 72, 74, 78, 80, 84, 90, 92, 98, 102, 104, 108, 110, 114, 120, 122, 128]",False,20,"[8, 12, 20, 30, 32, 42, 44, 50, 54, 60, 68, 72, 74, 78, 90, 98, 102, 110, 114, 120]",1,[8],19,"[12, 20, 30, 32, 42, 44, 50, 54, 60, 68, 72, 74, 78, 90, 98, 102, 110, 114, 120]",False,False,False,390,1,16,391,2,4,391,2,4,,,,391,2,4,,,,1,[8],True
397,401,4,34,34,"[4, 6, 10, 12, 16, 22, 24, 30, 34, 36, 40, 42, 46, 52, 54, 60, 64, 66, 70, 72, 76, 82, 84, 90, 94, 96, 100, 102, 106, 112, 114, 120, 124, 126]",34,"[4, 6, 10, 12, 16, 22, 24, 30, 34, 36, 40, 42, 46, 52, 54, 60, 64, 66, 70, 72, 76, 82, 84, 90, 94, 96, 100, 102, 106, 112, 114, 120, 124, 126]",False,34,"[4, 6, 10, 12, 16, 22, 24, 30, 34, 36, 40, 42, 46, 52, 54, 60, 64, 66, 70, 72, 76, 82, 84, 90, 94, 96, 100, 102, 106, 112, 114, 120, 124, 126]",False,21,"[4, 12, 22, 24, 34, 36, 42, 46, 52, 60, 64, 66, 70, 82, 90, 94, 102, 106, 112, 124, 126]",1,[4],20,"[12, 22, 24, 34, 36, 42, 46, 52, 60, 64, 66, 70, 82, 90, 94, 102, 106, 112, 124, 126]",False,False,False,398,1,4,,,,398,1,4,,,,398,1,4,,,,1,[4],True
401,409,8,35,35,"[2, 6, 8, 12, 18, 20, 26, 30, 32, 36, 38, 42, 48, 50, 56, 60, 62, 66, 68, 72, 78, 80, 86, 90, 92, 96, 98, 102, 108, 110, 116, 120, 122, 126, 128]",1,[2],True,35,"[2, 6, 8, 12, 18, 20, 26, 30, 32, 36, 38, 42, 48, 50, 56, 60, 62, 66, 68, 72, 78, 80, 86, 90, 92, 96, 98, 102, 108, 110, 116, 120, 122, 126, 128]",False,20,"[8, 18, 20, 30, 32, 38, 42, 48, 56, 60, 62, 66, 78, 86, 90, 98, 102, 108, 120, 122]",1,[8],19,"[18, 20, 30, 32, 38, 42, 48, 56, 60, 62, 66, 78, 86, 90, 98, 102, 108, 120, 122]",False,False,False,402,1,8,403,2,4,403,2,4,529,128,3,403,2,4,529,128,3,1,[8],True
409,419,10,33,33,"[4, 10, 12, 18, 22, 24, 28, 30, 34, 40, 42, 48, 52, 54, 58, 60, 64, 70, 72, 78, 82, 84, 88, 90, 94, 100, 102, 108, 112, 114, 118, 120, 124]",0,[],True,32,"[4, 10, 12, 18, 22, 24, 28, 30, 34, 40, 42, 48, 52, 54, 58, 60, 64, 70, 72, 78, 82, 84, 88, 90, 94, 100, 102, 108, 112, 114, 118, 120]",False,19,"[10, 12, 22, 24, 30, 34, 40, 48, 52, 54, 58, 70, 78, 82, 90, 94, 100, 112, 114]",1,[10],18,"[12, 22, 24, 30, 34, 40, 48, 52, 54, 58, 70, 78, 82, 90, 94, 100, 112, 114]",False,False,False,410,1,8,411,2,4,411,2,4,529,120,3,411,2,4,529,120,3,1,[10],True
419,421,2,34,34,"[2, 8, 12, 14, 18, 20, 24, 30, 32, 38, 42, 44, 48, 50, 54, 60, 62, 68, 72, 74, 78, 80, 84, 90, 92, 98, 102, 104, 108, 110, 114, 120, 122, 128]",1,[2],False,1,[2],False,1,[2],1,[2],0,[],False,True,True,420,1,24,422,3,4,420,1,24,422,3,4,420,1,24,422,3,4,1,[2],True
421,431,10,33,33,"[6, 10, 12, 16, 18, 22, 28, 30, 36, 40, 42, 46, 48, 52, 58, 60, 66, 70, 72, 76, 78, 82, 88, 90, 96, 100, 102, 106, 108, 112, 118, 120, 126]",29,"[6, 10, 12, 16, 18, 22, 28, 30, 36, 40, 42, 46, 48, 52, 58, 60, 66, 70, 72, 76, 78, 82, 88, 90, 96, 100, 102, 106, 108]",False,29,"[6, 10, 12, 16, 18, 22, 28, 30, 36, 40, 42, 46, 48, 52, 58, 60, 66, 70, 72, 76, 78, 82, 88, 90, 96, 100, 102, 106, 108]",False,17,"[10, 12, 18, 22, 28, 36, 40, 42, 46, 58, 66, 70, 78, 82, 88, 100, 102]",1,[10],16,"[12, 18, 22, 28, 36, 40, 42, 46, 58, 66, 70, 78, 82, 88, 100, 102]",False,False,False,422,1,4,529,108,3,422,1,4,529,108,3,422,1,4,529,108,3,1,[10],True
431,433,2,35,35,"[2, 6, 8, 12, 18, 20, 26, 30, 32, 36, 38, 42, 48, 50, 56, 60, 62, 66, 68, 72, 78, 80, 86, 90, 92, 96, 98, 102, 108, 110, 116, 120, 122, 126, 128]",1,[2],False,1,[2],False,1,[2],1,[2],0,[],False,True,True,432,1,20,434,3,8,432,1,20,434,3,8,432,1,20,434,3,8,1,[2],True
433,439,6,34,34,"[4, 6, 10, 16, 18, 24, 28, 30, 34, 36, 40, 46, 48, 54, 58, 60, 64, 66, 70, 76, 78, 84, 88, 90, 94, 96, 100, 106, 108, 114, 118, 120, 124, 126]",0,[],True,26,"[4, 6, 10, 16, 18, 24, 28, 30, 34, 36, 40, 46, 48, 54, 58, 60, 64, 66, 70, 76, 78, 84, 88, 90, 94, 96]",False,15,"[6, 10, 16, 24, 28, 30, 34, 46, 54, 58, 66, 70, 76, 88, 90]",1,[6],14,"[10, 16, 24, 28, 30, 34, 46, 54, 58, 66, 70, 76, 88, 90]",False,False,False,434,1,8,436,3,6,437,4,4,529,96,3,437,4,4,529,96,3,1,[6],True
439,443,4,33,33,"[4, 10, 12, 18, 22, 24, 28, 30, 34, 40, 42, 48, 52, 54, 58, 60, 64, 70, 72, 78, 82, 84, 88, 90, 94, 100, 102, 108, 112, 114, 118, 120, 124]",0,[],True,1,[4],False,1,[4],1,[4],0,[],False,True,True,440,1,16,441,2,9,442,3,8,445,6,4,442,3,8,445,6,4,1,[4],True
443,449,6,34,34,"[6, 8, 14, 18, 20, 24, 26, 30, 36, 38, 44, 48, 50, 54, 56, 60, 66, 68, 74, 78, 80, 84, 86, 90, 96, 98, 104, 108, 110, 114, 116, 120, 126, 128]",0,[],True,23,"[6, 8, 14, 18, 20, 24, 26, 30, 36, 38, 44, 48, 50, 54, 56, 60, 66, 68, 74, 78, 80, 84, 86]",False,13,"[6, 14, 18, 20, 24, 36, 44, 48, 56, 60, 66, 78, 80]",1,[6],12,"[14, 18, 20, 24, 36, 44, 48, 56, 60, 66, 78, 80]",False,False,False,444,1,12,445,2,4,445,2,4,529,86,3,445,2,4,529,86,3,1,[6],True
449,457,8,34,34,"[2, 8, 12, 14, 18, 20, 24, 30, 32, 38, 42, 44, 48, 50, 54, 60, 62, 68, 72, 74, 78, 80, 84, 90, 92, 98, 102, 104, 108, 110, 114, 120, 122, 128]",1,[2],True,22,"[2, 8, 12, 14, 18, 20, 24, 30, 32, 38, 42, 44, 48, 50, 54, 60, 62, 68, 72, 74, 78, 80]",False,12,"[8, 12, 14, 18, 30, 38, 42, 50, 54, 60, 72, 74]",1,[8],11,"[12, 14, 18, 30, 38, 42, 50, 54, 60, 72, 74]",False,False,False,450,1,18,451,2,4,451,2,4,529,80,3,451,2,4,529,80,3,1,[8],True
457,461,4,34,34,"[4, 6, 10, 12, 16, 22, 24, 30, 34, 36, 40, 42, 46, 52, 54, 60, 64, 66, 70, 72, 76, 82, 84, 90, 94, 96, 100, 102, 106, 112, 114, 120, 124, 126]",20,"[4, 6, 10, 12, 16, 22, 24, 30, 34, 36, 40, 42, 46, 52, 54, 60, 64, 66, 70, 72]",False,20,"[4, 6, 10, 12, 16, 22, 24, 30, 34, 36, 40, 42, 46, 52, 54, 60, 64, 66, 70, 72]",False,11,"[4, 6, 10, 22, 30, 34, 42, 46, 52, 64, 66]",1,[4],10,"[6, 10, 22, 30, 34, 42, 46, 52, 64, 66]",False,False,False,458,1,4,529,72,3,458,1,4,529,72,3,458,1,4,529,72,3,1,[4],True
461,463,2,35,35,"[2, 6, 8, 12, 18, 20, 26, 30, 32, 36, 38, 42, 48, 50, 56, 60, 62, 66, 68, 72, 78, 80, 86, 90, 92, 96, 98, 102, 108, 110, 116, 120, 122, 126, 128]",1,[2],False,1,[2],False,1,[2],1,[2],0,[],False,True,True,462,1,16,464,3,10,462,1,16,464,3,10,462,1,16,464,3,10,1,[2],True
463,467,4,34,34,"[4, 6, 10, 16, 18, 24, 28, 30, 34, 36, 40, 46, 48, 54, 58, 60, 64, 66, 70, 76, 78, 84, 88, 90, 94, 96, 100, 106, 108, 114, 118, 120, 124, 126]",0,[],True,18,"[4, 6, 10, 16, 18, 24, 28, 30, 34, 36, 40, 46, 48, 54, 58, 60, 64, 66]",False,9,"[4, 16, 24, 28, 36, 40, 46, 58, 60]",1,[4],8,"[16, 24, 28, 36, 40, 46, 58, 60]",False,False,False,464,1,10,465,2,8,466,3,4,529,66,3,466,3,4,529,66,3,1,[4],True
467,479,12,34,34,"[2, 6, 12, 14, 20, 24, 26, 30, 32, 36, 42, 44, 50, 54, 56, 60, 62, 66, 72, 74, 80, 84, 86, 90, 92, 96, 102, 104, 110, 114, 116, 120, 122, 126]",1,[2],True,17,"[2, 6, 12, 14, 20, 24, 26, 30, 32, 36, 42, 44, 50, 54, 56, 60, 62]",False,8,"[12, 20, 24, 32, 36, 42, 54, 56]",1,[12],7,"[20, 24, 32, 36, 42, 54, 56]",False,False,False,468,1,18,469,2,4,469,2,4,529,62,3,469,2,4,529,62,3,1,[12],True
479,487,8,34,34,"[2, 8, 12, 14, 18, 20, 24, 30, 32, 38, 42, 44, 48, 50, 54, 60, 62, 68, 72, 74, 78, 80, 84, 90, 92, 98, 102, 104, 108, 110, 114, 120, 122, 128]",1,[2],True,14,"[2, 8, 12, 14, 18, 20, 24, 30, 32, 38, 42, 44, 48, 50]",False,7,"[8, 12, 20, 24, 30, 42, 44]",1,[8],6,"[12, 20, 24, 30, 42, 44]",False,False,False,480,1,24,481,2,4,481,2,4,529,50,3,481,2,4,529,50,3,1,[8],True
487,491,4,34,34,"[4, 6, 10, 12, 16, 22, 24, 30, 34, 36, 40, 42, 46, 52, 54, 60, 64, 66, 70, 72, 76, 82, 84, 90, 94, 96, 100, 102, 106, 112, 114, 120, 124, 126]",0,[],True,12,"[4, 6, 10, 12, 16, 22, 24, 30, 34, 36, 40, 42]",False,6,"[4, 12, 16, 22, 34, 36]",1,[4],5,"[12, 16, 22, 34, 36]",False,False,False,488,1,8,489,2,4,489,2,4,529,42,3,489,2,4,529,42,3,1,[4],True
491,499,8,35,35,"[2, 6, 8, 12, 18, 20, 26, 30, 32, 36, 38, 42, 48, 50, 56, 60, 62, 66, 68, 72, 78, 80, 86, 90, 92, 96, 98, 102, 108, 110, 116, 120, 122, 126, 128]",1,[2],True,11,"[2, 6, 8, 12, 18, 20, 26, 30, 32, 36, 38]",False,5,"[8, 12, 18, 30, 32]",1,[8],4,"[12, 18, 30, 32]",False,False,False,492,1,12,493,2,4,493,2,4,529,38,3,493,2,4,529,38,3,1,[8],True
499,503,4,33,33,"[4, 10, 12, 18, 22, 24, 28, 30, 34, 40, 42, 48, 52, 54, 58, 60, 64, 70, 72, 78, 82, 84, 88, 90, 94, 100, 102, 108, 112, 114, 118, 120, 124]",0,[],True,8,"[4, 10, 12, 18, 22, 24, 28, 30]",False,4,"[4, 10, 22, 24]",1,[4],3,"[10, 22, 24]",False,False,False,500,1,12,501,2,4,501,2,4,529,30,3,501,2,4,529,30,3,1,[4],True
503,509,6,34,34,"[6, 8, 14, 18, 20, 24, 26, 30, 36, 38, 44, 48, 50, 54, 56, 60, 66, 68, 74, 78, 80, 84, 86, 90, 96, 98, 104, 108, 110, 114, 116, 120, 126, 128]",0,[],True,7,"[6, 8, 14, 18, 20, 24, 26]",False,3,"[6, 18, 20]",1,[6],2,"[18, 20]",False,False,False,504,1,24,505,2,4,505,2,4,529,26,3,505,2,4,529,26,3,1,[6],True
509,521,12,34,34,"[2, 8, 12, 14, 18, 20, 24, 30, 32, 38, 42, 44, 48, 50, 54, 60, 62, 68, 72, 74, 78, 80, 84, 90, 92, 98, 102, 104, 108, 110, 114, 120, 122, 128]",1,[2],True,6,"[2, 8, 12, 14, 18, 20]",False,2,"[12, 14]",1,[12],1,[14],False,False,False,510,1,16,511,2,4,511,2,4,529,20,3,511,2,4,529,20,3,1,[12],True
521,523,2,35,35,"[2, 6, 8, 12, 18, 20, 26, 30, 32, 36, 38, 42, 48, 50, 56, 60, 62, 66, 68, 72, 78, 80, 86, 90, 92, 96, 98, 102, 108, 110, 116, 120, 122, 126, 128]",1,[2],False,1,[2],False,1,[2],1,[2],0,[],False,True,True,522,1,12,524,3,6,522,1,12,524,3,6,522,1,12,524,3,6,1,[2],True
523,541,18,34,34,"[4, 6, 10, 16, 18, 24, 28, 30, 34, 36, 40, 46, 48, 54, 58, 60, 64, 66, 70, 76, 78, 84, 88, 90, 94, 96, 100, 106, 108, 114, 118, 120, 124, 126]",0,[],True,34,"[4, 6, 10, 16, 18, 24, 28, 30, 34, 36, 40, 46, 48, 54, 58, 60, 64, 66, 70, 76, 78, 84, 88, 90, 94, 96, 100, 106, 108, 114, 118, 120, 124, 126]",False,19,"[18, 24, 34, 40, 46, 48, 54, 64, 70, 76, 78, 84, 90, 94, 96, 108, 118, 120, 124]",1,[18],18,"[24, 34, 40, 46, 48, 54, 64, 70, 76, 78, 84, 90, 94, 96, 108, 118, 120, 124]",False,False,False,524,1,6,526,3,4,529,6,3,,,,529,6,3,,,,1,[18],True
541,547,6,33,33,"[6, 10, 12, 16, 18, 22, 28, 30, 36, 40, 42, 46, 48, 52, 58, 60, 66, 70, 72, 76, 78, 82, 88, 90, 96, 100, 102, 106, 108, 112, 118, 120, 126]",33,"[6, 10, 12, 16, 18, 22, 28, 30, 36, 40, 42, 46, 48, 52, 58, 60, 66, 70, 72, 76, 78, 82, 88, 90, 96, 100, 102, 106, 108, 112, 118, 120, 126]",False,33,"[6, 10, 12, 16, 18, 22, 28, 30, 36, 40, 42, 46, 48, 52, 58, 60, 66, 70, 72, 76, 78, 82, 88, 90, 96, 100, 102, 106, 108, 112, 118, 120, 126]",False,21,"[6, 16, 22, 28, 30, 36, 46, 52, 58, 60, 66, 72, 76, 78, 90, 100, 102, 106, 112, 118, 120]",1,[6],20,"[16, 22, 28, 30, 36, 46, 52, 58, 60, 66, 72, 76, 78, 90, 100, 102, 106, 112, 118, 120]",False,False,False,542,1,4,,,,542,1,4,,,,542,1,4,,,,1,[6],True
547,557,10,34,34,"[4, 6, 10, 12, 16, 22, 24, 30, 34, 36, 40, 42, 46, 52, 54, 60, 64, 66, 70, 72, 76, 82, 84, 90, 94, 96, 100, 102, 106, 112, 114, 120, 124, 126]",1,[4],True,34,"[4, 6, 10, 12, 16, 22, 24, 30, 34, 36, 40, 42, 46, 52, 54, 60, 64, 66, 70, 72, 76, 82, 84, 90, 94, 96, 100, 102, 106, 112, 114, 120, 124, 126]",False,21,"[10, 16, 22, 24, 30, 40, 46, 52, 54, 60, 66, 70, 72, 84, 94, 96, 100, 106, 112, 114, 126]",1,[10],20,"[16, 22, 24, 30, 40, 46, 52, 54, 60, 66, 70, 72, 84, 94, 96, 100, 106, 112, 114, 126]",False,False,False,548,1,6,551,4,4,551,4,4,,,,551,4,4,,,,1,[10],True
557,563,6,34,34,"[2, 6, 12, 14, 20, 24, 26, 30, 32, 36, 42, 44, 50, 54, 56, 60, 62, 66, 72, 74, 80, 84, 86, 90, 92, 96, 102, 104, 110, 114, 116, 120, 122, 126]",1,[2],True,34,"[2, 6, 12, 14, 20, 24, 26, 30, 32, 36, 42, 44, 50, 54, 56, 60, 62, 66, 72, 74, 80, 84, 86, 90, 92, 96, 102, 104, 110, 114, 116, 120, 122, 126]",False,22,"[6, 12, 14, 20, 30, 36, 42, 44, 50, 56, 60, 62, 74, 84, 86, 90, 96, 102, 104, 116, 120, 126]",1,[6],21,"[12, 14, 20, 30, 36, 42, 44, 50, 56, 60, 62, 74, 84, 86, 90, 96, 102, 104, 116, 120, 126]",False,False,False,558,1,12,559,2,4,559,2,4,,,,559,2,4,,,,1,[6],True
563,569,6,34,34,"[6, 8, 14, 18, 20, 24, 26, 30, 36, 38, 44, 48, 50, 54, 56, 60, 66, 68, 74, 78, 80, 84, 86, 90, 96, 98, 104, 108, 110, 114, 116, 120, 126, 128]",0,[],True,34,"[6, 8, 14, 18, 20, 24, 26, 30, 36, 38, 44, 48, 50, 54, 56, 60, 66, 68, 74, 78, 80, 84, 86, 90, 96, 98, 104, 108, 110, 114, 116, 120, 126, 128]",False,22,"[6, 8, 14, 24, 30, 36, 38, 44, 50, 54, 56, 68, 78, 80, 84, 90, 96, 98, 110, 114, 120, 128]",1,[6],21,"[8, 14, 24, 30, 36, 38, 44, 50, 54, 56, 68, 78, 80, 84, 90, 96, 98, 110, 114, 120, 128]",False,False,False,564,1,12,565,2,4,565,2,4,,,,565,2,4,,,,1,[6],True
569,571,2,34,34,"[2, 8, 12, 14, 18, 20, 24, 30, 32, 38, 42, 44, 48, 50, 54, 60, 62, 68, 72, 74, 78, 80, 84, 90, 92, 98, 102, 104, 108, 110, 114, 120, 122, 128]",1,[2],False,1,[2],False,1,[2],1,[2],0,[],False,True,True,570,1,16,572,3,12,570,1,16,572,3,12,570,1,16,572,3,12,1,[2],True
571,577,6,33,33,"[6, 10, 12, 16, 18, 22, 28, 30, 36, 40, 42, 46, 48, 52, 58, 60, 66, 70, 72, 76, 78, 82, 88, 90, 96, 100, 102, 106, 108, 112, 118, 120, 126]",0,[],True,33,"[6, 10, 12, 16, 18, 22, 28, 30, 36, 40, 42, 46, 48, 52, 58, 60, 66, 70, 72, 76, 78, 82, 88, 90, 96, 100, 102, 106, 108, 112, 118, 120, 126]",False,20,"[6, 16, 22, 28, 30, 36, 42, 46, 48, 60, 70, 72, 76, 82, 88, 90, 102, 106, 112, 120]",1,[6],19,"[16, 22, 28, 30, 36, 42, 46, 48, 60, 70, 72, 76, 82, 88, 90, 102, 106, 112, 120]",False,False,False,572,1,12,573,2,4,573,2,4,,,,573,2,4,,,,1,[6],True
577,587,10,34,34,"[4, 6, 10, 12, 16, 22, 24, 30, 34, 36, 40, 42, 46, 52, 54, 60, 64, 66, 70, 72, 76, 82, 84, 90, 94, 96, 100, 102, 106, 112, 114, 120, 124, 126]",0,[],True,34,"[4, 6, 10, 12, 16, 22, 24, 30, 34, 36, 40, 42, 46, 52, 54, 60, 64, 66, 70, 72, 76, 82, 84, 90, 94, 96, 100, 102, 106, 112, 114, 120, 124, 126]",False,20,"[10, 16, 22, 24, 30, 36, 40, 42, 54, 64, 66, 70, 76, 82, 84, 96, 100, 106, 114, 124]",1,[10],19,"[16, 22, 24, 30, 36, 40, 42, 54, 64, 66, 70, 76, 82, 84, 96, 100, 106, 114, 124]",False,False,False,578,1,6,579,2,4,579,2,4,,,,579,2,4,,,,1,[10],True
587,593,6,34,34,"[2, 6, 12, 14, 20, 24, 26, 30, 32, 36, 42, 44, 50, 54, 56, 60, 62, 66, 72, 74, 80, 84, 86, 90, 92, 96, 102, 104, 110, 114, 116, 120, 122, 126]",1,[2],True,34,"[2, 6, 12, 14, 20, 24, 26, 30, 32, 36, 42, 44, 50, 54, 56, 60, 62, 66, 72, 74, 80, 84, 86, 90, 92, 96, 102, 104, 110, 114, 116, 120, 122, 126]",False,20,"[6, 12, 14, 20, 26, 30, 32, 44, 54, 56, 60, 66, 72, 74, 86, 90, 96, 104, 114, 122]",1,[6],19,"[12, 14, 20, 26, 30, 32, 44, 54, 56, 60, 66, 72, 74, 86, 90, 96, 104, 114, 122]",False,False,False,588,1,18,589,2,4,589,2,4,,,,589,2,4,,,,1,[6],True
593,599,6,34,34,"[6, 8, 14, 18, 20, 24, 26, 30, 36, 38, 44, 48, 50, 54, 56, 60, 66, 68, 74, 78, 80, 84, 86, 90, 96, 98, 104, 108, 110, 114, 116, 120, 126, 128]",0,[],True,34,"[6, 8, 14, 18, 20, 24, 26, 30, 36, 38, 44, 48, 50, 54, 56, 60, 66, 68, 74, 78, 80, 84, 86, 90, 96, 98, 104, 108, 110, 114, 116, 120, 126, 128]",False,20,"[6, 8, 14, 20, 24, 26, 38, 48, 50, 54, 60, 66, 68, 80, 84, 90, 98, 108, 116, 126]",1,[6],19,"[8, 14, 20, 24, 26, 38, 48, 50, 54, 60, 66, 68, 80, 84, 90, 98, 108, 116, 126]",False,False,False,594,1,16,595,2,8,597,4,4,,,,597,4,4,,,,1,[6],True
599,601,2,34,34,"[2, 8, 12, 14, 18, 20, 24, 30, 32, 38, 42, 44, 48, 50, 54, 60, 62, 68, 72, 74, 78, 80, 84, 90, 92, 98, 102, 104, 108, 110, 114, 120, 122, 128]",1,[2],False,1,[2],False,1,[2],1,[2],0,[],False,True,True,600,1,24,602,3,8,600,1,24,602,3,8,600,1,24,602,3,8,1,[2],True
601,607,6,33,33,"[6, 10, 12, 16, 18, 22, 28, 30, 36, 40, 42, 46, 48, 52, 58, 60, 66, 70, 72, 76, 78, 82, 88, 90, 96, 100, 102, 106, 108, 112, 118, 120, 126]",0,[],True,2,"[6, 10]",False,1,[6],1,[6],0,[],False,True,True,602,1,8,603,2,6,603,2,6,611,10,4,603,2,6,611,10,4,1,[6],True
607,613,6,34,34,"[4, 6, 10, 12, 16, 22, 24, 30, 34, 36, 40, 42, 46, 52, 54, 60, 64, 66, 70, 72, 76, 82, 84, 90, 94, 96, 100, 102, 106, 112, 114, 120, 124, 126]",0,[],True,34,"[4, 6, 10, 12, 16, 22, 24, 30, 34, 36, 40, 42, 46, 52, 54, 60, 64, 66, 70, 72, 76, 82, 84, 90, 94, 96, 100, 102, 106, 112, 114, 120, 124, 126]",False,19,"[6, 10, 12, 24, 34, 36, 40, 46, 52, 54, 66, 70, 76, 84, 94, 102, 112, 120, 126]",1,[6],18,"[10, 12, 24, 34, 36, 40, 46, 52, 54, 66, 70, 76, 84, 94, 102, 112, 120, 126]",False,False,False,608,1,12,609,2,8,611,4,4,,,,611,4,4,,,,1,[6],True
613,617,4,34,34,"[4, 6, 10, 16, 18, 24, 28, 30, 34, 36, 40, 46, 48, 54, 58, 60, 64, 66, 70, 76, 78, 84, 88, 90, 94, 96, 100, 106, 108, 114, 118, 120, 124, 126]",34,"[4, 6, 10, 16, 18, 24, 28, 30, 34, 36, 40, 46, 48, 54, 58, 60, 64, 66, 70, 76, 78, 84, 88, 90, 94, 96, 100, 106, 108, 114, 118, 120, 124, 126]",False,34,"[4, 6, 10, 16, 18, 24, 28, 30, 34, 36, 40, 46, 48, 54, 58, 60, 64, 66, 70, 76, 78, 84, 88, 90, 94, 96, 100, 106, 108, 114, 118, 120, 124, 126]",False,19,"[4, 6, 18, 28, 30, 34, 40, 46, 48, 60, 64, 70, 78, 88, 96, 106, 114, 120, 126]",1,[4],18,"[6, 18, 28, 30, 34, 40, 46, 48, 60, 64, 70, 78, 88, 96, 106, 114, 120, 126]",False,False,False,614,1,4,,,,614,1,4,,,,614,1,4,,,,1,[4],True
617,619,2,34,34,"[2, 6, 12, 14, 20, 24, 26, 30, 32, 36, 42, 44, 50, 54, 56, 60, 62, 66, 72, 74, 80, 84, 86, 90, 92, 96, 102, 104, 110, 114, 116, 120, 122, 126]",1,[2],False,1,[2],False,1,[2],1,[2],0,[],False,True,True,618,1,8,622,5,4,618,1,8,622,5,4,618,1,8,622,5,4,1,[2],True
619,631,12,33,33,"[4, 10, 12, 18, 22, 24, 28, 30, 34, 40, 42, 48, 52, 54, 58, 60, 64, 70, 72, 78, 82, 84, 88, 90, 94, 100, 102, 108, 112, 114, 118, 120, 124]",0,[],True,33,"[4, 10, 12, 18, 22, 24, 28, 30, 34, 40, 42, 48, 52, 54, 58, 60, 64, 70, 72, 78, 82, 84, 88, 90, 94, 100, 102, 108, 112, 114, 118, 120, 124]",False,18,"[12, 22, 24, 28, 34, 40, 42, 54, 58, 64, 72, 82, 90, 100, 108, 114, 120, 124]",1,[12],17,"[22, 24, 28, 34, 40, 42, 54, 58, 64, 72, 82, 90, 100, 108, 114, 120, 124]",False,False,False,620,1,12,621,2,8,622,3,4,,,,622,3,4,,,,1,[12],True
631,641,10,33,33,"[6, 10, 12, 16, 18, 22, 28, 30, 36, 40, 42, 46, 48, 52, 58, 60, 66, 70, 72, 76, 78, 82, 88, 90, 96, 100, 102, 106, 108, 112, 118, 120, 126]",0,[],True,33,"[6, 10, 12, 16, 18, 22, 28, 30, 36, 40, 42, 46, 48, 52, 58, 60, 66, 70, 72, 76, 78, 82, 88, 90, 96, 100, 102, 106, 108, 112, 118, 120, 126]",False,19,"[10, 12, 16, 22, 28, 30, 42, 46, 52, 60, 70, 78, 88, 96, 102, 108, 112, 120, 126]",1,[10],18,"[12, 16, 22, 28, 30, 42, 46, 52, 60, 70, 78, 88, 96, 102, 108, 112, 120, 126]",False,False,False,632,1,8,633,2,4,633,2,4,,,,633,2,4,,,,1,[10],True
641,643,2,35,35,"[2, 6, 8, 12, 18, 20, 26, 30, 32, 36, 38, 42, 48, 50, 56, 60, 62, 66, 68, 72, 78, 80, 86, 90, 92, 96, 98, 102, 108, 110, 116, 120, 122, 126, 128]",3,"[2, 6, 8]",False,3,"[2, 6, 8]",False,2,"[2, 6]",1,[2],1,[6],False,False,False,642,1,8,649,8,4,642,1,8,649,8,4,642,1,8,649,8,4,1,[2],True
643,647,4,34,34,"[4, 6, 10, 16, 18, 24, 28, 30, 34, 36, 40, 46, 48, 54, 58, 60, 64, 66, 70, 76, 78, 84, 88, 90, 94, 96, 100, 106, 108, 114, 118, 120, 124, 126]",0,[],True,2,"[4, 6]",False,1,[4],1,[4],0,[],False,True,True,644,1,12,645,2,8,645,2,8,649,6,4,645,2,8,649,6,4,1,[4],True
647,653,6,34,34,"[2, 6, 12, 14, 20, 24, 26, 30, 32, 36, 42, 44, 50, 54, 56, 60, 62, 66, 72, 74, 80, 84, 86, 90, 92, 96, 102, 104, 110, 114, 116, 120, 122, 126]",1,[2],True,34,"[2, 6, 12, 14, 20, 24, 26, 30, 32, 36, 42, 44, 50, 54, 56, 60, 62, 66, 72, 74, 80, 84, 86, 90, 92, 96, 102, 104, 110, 114, 116, 120, 122, 126]",False,19,"[6, 12, 14, 26, 30, 36, 44, 54, 62, 72, 80, 86, 92, 96, 104, 110, 114, 122, 126]",1,[6],18,"[12, 14, 26, 30, 36, 44, 54, 62, 72, 80, 86, 92, 96, 104, 110, 114, 122, 126]",False,False,False,648,1,20,649,2,4,649,2,4,,,,649,2,4,,,,1,[6],True
653,659,6,34,34,"[6, 8, 14, 18, 20, 24, 26, 30, 36, 38, 44, 48, 50, 54, 56, 60, 66, 68, 74, 78, 80, 84, 86, 90, 96, 98, 104, 108, 110, 114, 116, 120, 126, 128]",0,[],True,34,"[6, 8, 14, 18, 20, 24, 26, 30, 36, 38, 44, 48, 50, 54, 56, 60, 66, 68, 74, 78, 80, 84, 86, 90, 96, 98, 104, 108, 110, 114, 116, 120, 126, 128]",False,18,"[6, 8, 20, 24, 30, 38, 48, 56, 66, 74, 80, 86, 90, 98, 104, 108, 116, 120]",1,[6],17,"[8, 20, 24, 30, 38, 48, 56, 66, 74, 80, 86, 90, 98, 104, 108, 116, 120]",False,False,False,654,1,8,655,2,4,655,2,4,,,,655,2,4,,,,1,[6],True
659,661,2,34,34,"[2, 8, 12, 14, 18, 20, 24, 30, 32, 38, 42, 44, 48, 50, 54, 60, 62, 68, 72, 74, 78, 80, 84, 90, 92, 98, 102, 104, 108, 110, 114, 120, 122, 128]",1,[2],False,1,[2],False,1,[2],1,[2],0,[],False,True,True,660,1,24,662,3,4,660,1,24,662,3,4,660,1,24,662,3,4,1,[2],True
661,673,12,33,33,"[6, 10, 12, 16, 18, 22, 28, 30, 36, 40, 42, 46, 48, 52, 58, 60, 66, 70, 72, 76, 78, 82, 88, 90, 96, 100, 102, 106, 108, 112, 118, 120, 126]",33,"[6, 10, 12, 16, 18, 22, 28, 30, 36, 40, 42, 46, 48, 52, 58, 60, 66, 70, 72, 76, 78, 82, 88, 90, 96, 100, 102, 106, 108, 112, 118, 120, 126]",False,33,"[6, 10, 12, 16, 18, 22, 28, 30, 36, 40, 42, 46, 48, 52, 58, 60, 66, 70, 72, 76, 78, 82, 88, 90, 96, 100, 102, 106, 108, 112, 118, 120, 126]",False,17,"[12, 16, 22, 30, 40, 48, 58, 66, 72, 78, 82, 90, 96, 100, 108, 112, 126]",1,[12],16,"[16, 22, 30, 40, 48, 58, 66, 72, 78, 82, 90, 96, 100, 108, 112, 126]",False,False,False,662,1,4,,,,662,1,4,,,,662,1,4,,,,1,[12],True
673,677,4,34,34,"[4, 6, 10, 16, 18, 24, 28, 30, 34, 36, 40, 46, 48, 54, 58, 60, 64, 66, 70, 76, 78, 84, 88, 90, 94, 96, 100, 106, 108, 114, 118, 120, 124, 126]",34,"[4, 6, 10, 16, 18, 24, 28, 30, 34, 36, 40, 46, 48, 54, 58, 60, 64, 66, 70, 76, 78, 84, 88, 90, 94, 96, 100, 106, 108, 114, 118, 120, 124, 126]",False,34,"[4, 6, 10, 16, 18, 24, 28, 30, 34, 36, 40, 46, 48, 54, 58, 60, 64, 66, 70, 76, 78, 84, 88, 90, 94, 96, 100, 106, 108, 114, 118, 120, 124, 126]",False,17,"[4, 10, 18, 28, 36, 46, 54, 60, 66, 70, 78, 84, 88, 96, 100, 114, 124]",1,[4],16,"[10, 18, 28, 36, 46, 54, 60, 66, 70, 78, 84, 88, 96, 100, 114, 124]",False,False,False,674,1,4,,,,674,1,4,,,,674,1,4,,,,1,[4],True
677,683,6,34,34,"[2, 6, 12, 14, 20, 24, 26, 30, 32, 36, 42, 44, 50, 54, 56, 60, 62, 66, 72, 74, 80, 84, 86, 90, 92, 96, 102, 104, 110, 114, 116, 120, 122, 126]",1,[2],True,34,"[2, 6, 12, 14, 20, 24, 26, 30, 32, 36, 42, 44, 50, 54, 56, 60, 62, 66, 72, 74, 80, 84, 86, 90, 92, 96, 102, 104, 110, 114, 116, 120, 122, 126]",False,16,"[6, 14, 24, 32, 42, 50, 56, 62, 66, 74, 80, 84, 92, 96, 110, 120]",1,[6],15,"[14, 24, 32, 42, 50, 56, 62, 66, 74, 80, 84, 92, 96, 110, 120]",False,False,False,678,1,8,679,2,4,679,2,4,,,,679,2,4,,,,1,[6],True
683,691,8,34,34,"[6, 8, 14, 18, 20, 24, 26, 30, 36, 38, 44, 48, 50, 54, 56, 60, 66, 68, 74, 78, 80, 84, 86, 90, 96, 98, 104, 108, 110, 114, 116, 120, 126, 128]",0,[],True,34,"[6, 8, 14, 18, 20, 24, 26, 30, 36, 38, 44, 48, 50, 54, 56, 60, 66, 68, 74, 78, 80, 84, 86, 90, 96, 98, 104, 108, 110, 114, 116, 120, 126, 128]",False,17,"[8, 18, 26, 36, 44, 50, 56, 60, 68, 74, 78, 86, 90, 104, 114, 126, 128]",1,[8],16,"[18, 26, 36, 44, 50, 56, 60, 68, 74, 78, 86, 90, 104, 114, 126, 128]",False,False,False,684,1,18,685,2,4,685,2,4,,,,685,2,4,,,,1,[8],True
691,701,10,33,33,"[6, 10, 12, 16, 18, 22, 28, 30, 36, 40, 42, 46, 48, 52, 58, 60, 66, 70, 72, 76, 78, 82, 88, 90, 96, 100, 102, 106, 108, 112, 118, 120, 126]",0,[],True,33,"[6, 10, 12, 16, 18, 22, 28, 30, 36, 40, 42, 46, 48, 52, 58, 60, 66, 70, 72, 76, 78, 82, 88, 90, 96, 100, 102, 106, 108, 112, 118, 120, 126]",False,16,"[10, 18, 28, 36, 42, 48, 52, 60, 66, 70, 78, 82, 96, 106, 118, 120]",1,[10],15,"[18, 28, 36, 42, 48, 52, 60, 66, 70, 78, 82, 96, 106, 118, 120]",False,False,False,692,1,6,694,3,4,694,3,4,,,,694,3,4,,,,1,[10],True
701,709,8,35,35,"[2, 6, 8, 12, 18, 20, 26, 30, 32, 36, 38, 42, 48, 50, 56, 60, 62, 66, 68, 72, 78, 80, 86, 90, 92, 96, 98, 102, 108, 110, 116, 120, 122, 126, 128]",1,[2],True,35,"[2, 6, 8, 12, 18, 20, 26, 30, 32, 36, 38, 42, 48, 50, 56, 60, 62, 66, 68, 72, 78, 80, 86, 90, 92, 96, 98, 102, 108, 110, 116, 120, 122, 126, 128]",False,19,"[8, 18, 26, 32, 38, 42, 50, 56, 60, 68, 72, 86, 96, 108, 110, 120, 122, 126, 128]",1,[8],18,"[18, 26, 32, 38, 42, 50, 56, 60, 68, 72, 86, 96, 108, 110, 120, 122, 126, 128]",False,False,False,702,1,16,703,2,4,703,2,4,,,,703,2,4,,,,1,[8],True
709,719,10,33,33,"[4, 10, 12, 18, 22, 24, 28, 30, 34, 40, 42, 48, 52, 54, 58, 60, 64, 70, 72, 78, 82, 84, 88, 90, 94, 100, 102, 108, 112, 114, 118, 120, 124]",0,[],True,33,"[4, 10, 12, 18, 22, 24, 28, 30, 34, 40, 42, 48, 52, 54, 58, 60, 64, 70, 72, 78, 82, 84, 88, 90, 94, 100, 102, 108, 112, 114, 118, 120, 124]",False,18,"[10, 18, 24, 30, 34, 42, 48, 52, 60, 64, 78, 88, 100, 102, 112, 114, 118, 120]",1,[10],17,"[18, 24, 30, 34, 42, 48, 52, 60, 64, 78, 88, 100, 102, 112, 114, 118, 120]",False,False,False,710,1,8,711,2,6,713,4,4,,,,713,4,4,,,,1,[10],True
719,727,8,34,34,"[2, 8, 12, 14, 18, 20, 24, 30, 32, 38, 42, 44, 48, 50, 54, 60, 62, 68, 72, 74, 78, 80, 84, 90, 92, 98, 102, 104, 108, 110, 114, 120, 122, 128]",1,[2],True,33,"[2, 8, 12, 14, 18, 20, 24, 30, 32, 38, 42, 44, 48, 50, 54, 60, 62, 68, 72, 74, 78, 80, 84, 90, 92, 98, 102, 104, 108, 110, 114, 120, 122]",False,18,"[8, 14, 20, 24, 32, 38, 42, 50, 54, 68, 78, 90, 92, 102, 104, 108, 110, 120]",1,[8],17,"[14, 20, 24, 32, 38, 42, 50, 54, 68, 78, 90, 92, 102, 104, 108, 110, 120]",False,False,False,720,1,30,721,2,4,721,2,4,841,122,3,721,2,4,841,122,3,1,[8],True
727,733,6,34,34,"[4, 6, 10, 12, 16, 22, 24, 30, 34, 36, 40, 42, 46, 52, 54, 60, 64, 66, 70, 72, 76, 82, 84, 90, 94, 96, 100, 102, 106, 112, 114, 120, 124, 126]",0,[],True,31,"[4, 6, 10, 12, 16, 22, 24, 30, 34, 36, 40, 42, 46, 52, 54, 60, 64, 66, 70, 72, 76, 82, 84, 90, 94, 96, 100, 102, 106, 112, 114]",False,17,"[6, 12, 16, 24, 30, 34, 42, 46, 60, 70, 82, 84, 94, 96, 100, 102, 112]",1,[6],16,"[12, 16, 24, 30, 34, 42, 46, 60, 70, 82, 84, 94, 96, 100, 102, 112]",False,False,False,728,1,16,729,2,7,731,4,4,841,114,3,731,4,4,841,114,3,1,[6],True
733,739,6,34,34,"[4, 6, 10, 16, 18, 24, 28, 30, 34, 36, 40, 46, 48, 54, 58, 60, 64, 66, 70, 76, 78, 84, 88, 90, 94, 96, 100, 106, 108, 114, 118, 120, 124, 126]",29,"[4, 6, 10, 16, 18, 24, 28, 30, 34, 36, 40, 46, 48, 54, 58, 60, 64, 66, 70, 76, 78, 84, 88, 90, 94, 96, 100, 106, 108]",False,29,"[4, 6, 10, 16, 18, 24, 28, 30, 34, 36, 40, 46, 48, 54, 58, 60, 64, 66, 70, 76, 78, 84, 88, 90, 94, 96, 100, 106, 108]",False,16,"[6, 10, 18, 24, 28, 36, 40, 54, 64, 76, 78, 88, 90, 94, 96, 106]",1,[6],15,"[10, 18, 24, 28, 36, 40, 54, 64, 76, 78, 88, 90, 94, 96, 106]",False,False,False,734,1,4,841,108,3,734,1,4,841,108,3,734,1,4,841,108,3,1,[6],True
739,743,4,33,33,"[4, 10, 12, 18, 22, 24, 28, 30, 34, 40, 42, 48, 52, 54, 58, 60, 64, 70, 72, 78, 82, 84, 88, 90, 94, 100, 102, 108, 112, 114, 118, 120, 124]",0,[],True,1,[4],False,1,[4],1,[4],0,[],False,True,True,740,1,12,741,2,8,741,2,8,745,6,4,741,2,8,745,6,4,1,[4],True
743,751,8,34,34,"[6, 8, 14, 18, 20, 24, 26, 30, 36, 38, 44, 48, 50, 54, 56, 60, 66, 68, 74, 78, 80, 84, 86, 90, 96, 98, 104, 108, 110, 114, 116, 120, 126, 128]",0,[],True,26,"[6, 8, 14, 18, 20, 24, 26, 30, 36, 38, 44, 48, 50, 54, 56, 60, 66, 68, 74, 78, 80, 84, 86, 90, 96, 98]",False,14,"[8, 14, 18, 26, 30, 44, 54, 66, 68, 78, 80, 84, 86, 96]",1,[8],13,"[14, 18, 26, 30, 44, 54, 66, 68, 78, 80, 84, 86, 96]",False,False,False,744,1,16,745,2,4,745,2,4,841,98,3,745,2,4,841,98,3,1,[8],True
751,757,6,33,33,"[6, 10, 12, 16, 18, 22, 28, 30, 36, 40, 42, 46, 48, 52, 58, 60, 66, 70, 72, 76, 78, 82, 88, 90, 96, 100, 102, 106, 108, 112, 118, 120, 126]",0,[],True,24,"[6, 10, 12, 16, 18, 22, 28, 30, 36, 40, 42, 46, 48, 52, 58, 60, 66, 70, 72, 76, 78, 82, 88, 90]",False,13,"[6, 10, 18, 22, 36, 46, 58, 60, 70, 72, 76, 78, 88]",1,[6],12,"[10, 18, 22, 36, 46, 58, 60, 70, 72, 76, 78, 88]",False,False,False,752,1,10,753,2,4,753,2,4,841,90,3,753,2,4,841,90,3,1,[6],True
757,761,4,34,34,"[4, 6, 10, 12, 16, 22, 24, 30, 34, 36, 40, 42, 46, 52, 54, 60, 64, 66, 70, 72, 76, 82, 84, 90, 94, 96, 100, 102, 106, 112, 114, 120, 124, 126]",23,"[4, 6, 10, 12, 16, 22, 24, 30, 34, 36, 40, 42, 46, 52, 54, 60, 64, 66, 70, 72, 76, 82, 84]",False,23,"[4, 6, 10, 12, 16, 22, 24, 30, 34, 36, 40, 42, 46, 52, 54, 60, 64, 66, 70, 72, 76, 82, 84]",False,12,"[4, 12, 16, 30, 40, 52, 54, 64, 66, 70, 72, 82]",1,[4],11,"[12, 16, 30, 40, 52, 54, 64, 66, 70, 72, 82]",False,False,False,758,1,4,841,84,3,758,1,4,841,84,3,758,1,4,841,84,3,1,[4],True
761,769,8,35,35,"[2, 6, 8, 12, 18, 20, 26, 30, 32, 36, 38, 42, 48, 50, 56, 60, 62, 66, 68, 72, 78, 80, 86, 90, 92, 96, 98, 102, 108, 110, 116, 120, 122, 126, 128]",1,[2],True,22,"[2, 6, 8, 12, 18, 20, 26, 30, 32, 36, 38, 42, 48, 50, 56, 60, 62, 66, 68, 72, 78, 80]",False,11,"[8, 12, 26, 36, 48, 50, 60, 62, 66, 68, 78]",1,[8],10,"[12, 26, 36, 48, 50, 60, 62, 66, 68, 78]",False,False,False,762,1,8,763,2,4,763,2,4,841,80,3,763,2,4,841,80,3,1,[8],True
769,773,4,33,33,"[4, 10, 12, 18, 22, 24, 28, 30, 34, 40, 42, 48, 52, 54, 58, 60, 64, 70, 72, 78, 82, 84, 88, 90, 94, 100, 102, 108, 112, 114, 118, 120, 124]",0,[],True,19,"[4, 10, 12, 18, 22, 24, 28, 30, 34, 40, 42, 48, 52, 54, 58, 60, 64, 70, 72]",False,10,"[4, 18, 28, 40, 42, 52, 54, 58, 60, 70]",1,[4],9,"[18, 28, 40, 42, 52, 54, 58, 60, 70]",False,False,False,770,1,16,771,2,4,771,2,4,841,72,3,771,2,4,841,72,3,1,[4],True
773,787,14,34,34,"[6, 8, 14, 18, 20, 24, 26, 30, 36, 38, 44, 48, 50, 54, 56, 60, 66, 68, 74, 78, 80, 84, 86, 90, 96, 98, 104, 108, 110, 114, 116, 120, 126, 128]",0,[],True,18,"[6, 8, 14, 18, 20, 24, 26, 30, 36, 38, 44, 48, 50, 54, 56, 60, 66, 68]",False,9,"[14, 24, 36, 38, 48, 50, 54, 56, 66]",1,[14],8,"[24, 36, 38, 48, 50, 54, 56, 66]",False,False,False,774,1,12,775,2,6,778,5,4,841,68,3,778,5,4,841,68,3,1,[14],True
787,797,10,34,34,"[4, 6, 10, 12, 16, 22, 24, 30, 34, 36, 40, 42, 46, 52, 54, 60, 64, 66, 70, 72, 76, 82, 84, 90, 94, 96, 100, 102, 106, 112, 114, 120, 124, 126]",0,[],True,15,"[4, 6, 10, 12, 16, 22, 24, 30, 34, 36, 40, 42, 46, 52, 54]",False,8,"[10, 22, 24, 34, 36, 40, 42, 52]",1,[10],7,"[22, 24, 34, 36, 40, 42, 52]",False,False,False,788,1,6,789,2,4,789,2,4,841,54,3,789,2,4,841,54,3,1,[10],True
797,809,12,34,34,"[2, 6, 12, 14, 20, 24, 26, 30, 32, 36, 42, 44, 50, 54, 56, 60, 62, 66, 72, 74, 80, 84, 86, 90, 92, 96, 102, 104, 110, 114, 116, 120, 122, 126]",1,[2],True,12,"[2, 6, 12, 14, 20, 24, 26, 30, 32, 36, 42, 44]",False,7,"[12, 14, 24, 26, 30, 32, 42]",1,[12],6,"[14, 24, 26, 30, 32, 42]",False,False,False,798,1,16,799,2,4,799,2,4,841,44,3,799,2,4,841,44,3,1,[12],True
809,811,2,34,34,"[2, 8, 12, 14, 18, 20, 24, 30, 32, 38, 42, 44, 48, 50, 54, 60, 62, 68, 72, 74, 78, 80, 84, 90, 92, 98, 102, 104, 108, 110, 114, 120, 122, 128]",1,[2],False,1,[2],False,1,[2],1,[2],0,[],False,True,True,810,1,20,812,3,12,810,1,20,812,3,12,810,1,20,812,3,12,1,[2],True
811,821,10,33,33,"[6, 10, 12, 16, 18, 22, 28, 30, 36, 40, 42, 46, 48, 52, 58, 60, 66, 70, 72, 76, 78, 82, 88, 90, 96, 100, 102, 106, 108, 112, 118, 120, 126]",0,[],True,8,"[6, 10, 12, 16, 18, 22, 28, 30]",False,5,"[10, 12, 16, 18, 28]",1,[10],4,"[12, 16, 18, 28]",False,False,False,812,1,12,813,2,4,813,2,4,841,30,3,813,2,4,841,30,3,1,[10],True
821,823,2,35,35,"[2, 6, 8, 12, 18, 20, 26, 30, 32, 36, 38, 42, 48, 50, 56, 60, 62, 66, 68, 72, 78, 80, 86, 90, 92, 96, 98, 102, 108, 110, 116, 120, 122, 126, 128]",3,"[2, 6, 8]",False,3,"[2, 6, 8]",False,3,"[2, 6, 8]",1,[2],2,"[6, 8]",False,False,False,822,1,8,831,10,4,822,1,8,831,10,4,822,1,8,831,10,4,1,[2],True
823,827,4,34,34,"[4, 6, 10, 16, 18, 24, 28, 30, 34, 36, 40, 46, 48, 54, 58, 60, 64, 66, 70, 76, 78, 84, 88, 90, 94, 96, 100, 106, 108, 114, 118, 120, 124, 126]",2,"[4, 6]",False,2,"[4, 6]",False,2,"[4, 6]",1,[4],1,[6],False,False,False,824,1,8,831,8,4,824,1,8,831,8,4,824,1,8,831,8,4,1,[4],True
827,829,2,34,34,"[2, 6, 12, 14, 20, 24, 26, 30, 32, 36, 42, 44, 50, 54, 56, 60, 62, 66, 72, 74, 80, 84, 86, 90, 92, 96, 102, 104, 110, 114, 116, 120, 122, 126]",1,[2],False,1,[2],False,1,[2],1,[2],0,[],False,True,True,828,1,18,830,3,8,828,1,18,830,3,8,828,1,18,830,3,8,1,[2],True
829,839,10,33,33,"[4, 10, 12, 18, 22, 24, 28, 30, 34, 40, 42, 48, 52, 54, 58, 60, 64, 70, 72, 78, 82, 84, 88, 90, 94, 100, 102, 108, 112, 114, 118, 120, 124]",0,[],True,3,"[4, 10, 12]",False,1,[10],1,[10],0,[],False,True,True,830,1,8,831,2,4,831,2,4,841,12,3,831,2,4,841,12,3,1,[10],True
839,853,14,34,34,"[2, 8, 12, 14, 18, 20, 24, 30, 32, 38, 42, 44, 48, 50, 54, 60, 62, 68, 72, 74, 78, 80, 84, 90, 92, 98, 102, 104, 108, 110, 114, 120, 122, 128]",1,[2],True,34,"[2, 8, 12, 14, 18, 20, 24, 30, 32, 38, 42, 44, 48, 50, 54, 60, 62, 68, 72, 74, 78, 80, 84, 90, 92, 98, 102, 104, 108, 110, 114, 120, 122, 128]",False,17,"[14, 18, 20, 24, 38, 42, 44, 48, 68, 72, 80, 90, 98, 102, 108, 114, 128]",1,[14],16,"[18, 20, 24, 38, 42, 44, 48, 68, 72, 80, 90, 98, 102, 108, 114, 128]",False,False,False,840,1,32,841,2,3,841,2,3,,,,841,2,3,,,,1,[14],True
853,857,4,34,34,"[4, 6, 10, 16, 18, 24, 28, 30, 34, 36, 40, 46, 48, 54, 58, 60, 64, 66, 70, 76, 78, 84, 88, 90, 94, 96, 100, 106, 108, 114, 118, 120, 124, 126]",2,"[4, 6]",False,2,"[4, 6]",False,2,"[4, 6]",1,[4],1,[6],False,False,False,854,1,8,862,9,4,854,1,8,862,9,4,854,1,8,862,9,4,1,[4],True
857,859,2,34,34,"[2, 6, 12, 14, 20, 24, 26, 30, 32, 36, 42, 44, 50, 54, 56, 60, 62, 66, 72, 74, 80, 84, 86, 90, 92, 96, 102, 104, 110, 114, 116, 120, 122, 126]",1,[2],False,1,[2],False,1,[2],1,[2],0,[],False,True,True,858,1,16,860,3,12,858,1,16,860,3,12,858,1,16,860,3,12,1,[2],True
859,863,4,33,33,"[4, 10, 12, 18, 22, 24, 28, 30, 34, 40, 42, 48, 52, 54, 58, 60, 64, 70, 72, 78, 82, 84, 88, 90, 94, 100, 102, 108, 112, 114, 118, 120, 124]",0,[],True,27,"[4, 10, 12, 18, 22, 24, 28, 30, 34, 40, 42, 48, 52, 54, 58, 60, 64, 70, 72, 78, 82, 84, 88, 90, 94, 100, 102]",False,13,"[4, 18, 22, 24, 28, 48, 52, 60, 70, 78, 82, 88, 94]",1,[4],12,"[18, 22, 24, 28, 48, 52, 60, 70, 78, 82, 88, 94]",False,False,False,860,1,12,861,2,8,862,3,4,961,102,3,862,3,4,961,102,3,1,[4],True
863,877,14,34,34,"[6, 8, 14, 18, 20, 24, 26, 30, 36, 38, 44, 48, 50, 54, 56, 60, 66, 68, 74, 78, 80, 84, 86, 90, 96, 98, 104, 108, 110, 114, 116, 120, 126, 128]",0,[],True,26,"[6, 8, 14, 18, 20, 24, 26, 30, 36, 38, 44, 48, 50, 54, 56, 60, 66, 68, 74, 78, 80, 84, 86, 90, 96, 98]",False,12,"[14, 18, 20, 24, 44, 48, 56, 66, 74, 78, 84, 90]",1,[14],11,"[18, 20, 24, 44, 48, 56, 66, 74, 78, 84, 90]",False,False,False,864,1,24,865,2,4,865,2,4,961,98,3,865,2,4,961,98,3,1,[14],True
877,881,4,34,34,"[4, 6, 10, 12, 16, 22, 24, 30, 34, 36, 40, 42, 46, 52, 54, 60, 64, 66, 70, 72, 76, 82, 84, 90, 94, 96, 100, 102, 106, 112, 114, 120, 124, 126]",23,"[4, 6, 10, 12, 16, 22, 24, 30, 34, 36, 40, 42, 46, 52, 54, 60, 64, 66, 70, 72, 76, 82, 84]",False,23,"[4, 6, 10, 12, 16, 22, 24, 30, 34, 36, 40, 42, 46, 52, 54, 60, 64, 66, 70, 72, 76, 82, 84]",False,11,"[4, 6, 10, 30, 34, 42, 52, 60, 64, 70, 76]",1,[4],10,"[6, 10, 30, 34, 42, 52, 60, 64, 70, 76]",False,False,False,878,1,4,961,84,3,878,1,4,961,84,3,878,1,4,961,84,3,1,[4],True
881,883,2,35,35,"[2, 6, 8, 12, 18, 20, 26, 30, 32, 36, 38, 42, 48, 50, 56, 60, 62, 66, 68, 72, 78, 80, 86, 90, 92, 96, 98, 102, 108, 110, 116, 120, 122, 126, 128]",1,[2],False,1,[2],False,1,[2],1,[2],0,[],False,True,True,882,1,18,884,3,12,882,1,18,884,3,12,882,1,18,884,3,12,1,[2],True
883,887,4,34,34,"[4, 6, 10, 16, 18, 24, 28, 30, 34, 36, 40, 46, 48, 54, 58, 60, 64, 66, 70, 76, 78, 84, 88, 90, 94, 96, 100, 106, 108, 114, 118, 120, 124, 126]",0,[],True,21,"[4, 6, 10, 16, 18, 24, 28, 30, 34, 36, 40, 46, 48, 54, 58, 60, 64, 66, 70, 76, 78]",False,9,"[4, 24, 28, 36, 46, 54, 58, 64, 70]",1,[4],8,"[24, 28, 36, 46, 54, 58, 64, 70]",False,False,False,884,1,12,885,2,8,886,3,4,961,78,3,886,3,4,961,78,3,1,[4],True
887,907,20,34,34,"[2, 6, 12, 14, 20, 24, 26, 30, 32, 36, 42, 44, 50, 54, 56, 60, 62, 66, 72, 74, 80, 84, 86, 90, 92, 96, 102, 104, 110, 114, 116, 120, 122, 126]",1,[2],True,20,"[2, 6, 12, 14, 20, 24, 26, 30, 32, 36, 42, 44, 50, 54, 56, 60, 62, 66, 72, 74]",False,8,"[20, 24, 32, 42, 50, 54, 60, 66]",1,[20],7,"[24, 32, 42, 50, 54, 60, 66]",False,False,False,888,1,16,889,2,4,889,2,4,961,74,3,889,2,4,961,74,3,1,[20],True
907,911,4,34,34,"[4, 6, 10, 12, 16, 22, 24, 30, 34, 36, 40, 42, 46, 52, 54, 60, 64, 66, 70, 72, 76, 82, 84, 90, 94, 96, 100, 102, 106, 112, 114, 120, 124, 126]",2,"[4, 6]",False,2,"[4, 6]",False,1,[4],1,[4],0,[],False,True,True,908,1,6,913,6,4,908,1,6,913,6,4,908,1,6,913,6,4,1,[4],True
911,919,8,35,35,"[2, 6, 8, 12, 18, 20, 26, 30, 32, 36, 38, 42, 48, 50, 56, 60, 62, 66, 68, 72, 78, 80, 86, 90, 92, 96, 98, 102, 108, 110, 116, 120, 122, 126, 128]",1,[2],True,14,"[2, 6, 8, 12, 18, 20, 26, 30, 32, 36, 38, 42, 48, 50]",False,6,"[8, 18, 26, 30, 36, 42]",1,[8],5,"[18, 26, 30, 36, 42]",False,False,False,912,1,20,913,2,4,913,2,4,961,50,3,913,2,4,961,50,3,1,[8],True
919,929,10,33,33,"[4, 10, 12, 18, 22, 24, 28, 30, 34, 40, 42, 48, 52, 54, 58, 60, 64, 70, 72, 78, 82, 84, 88, 90, 94, 100, 102, 108, 112, 114, 118, 120, 124]",0,[],True,11,"[4, 10, 12, 18, 22, 24, 28, 30, 34, 40, 42]",False,5,"[10, 18, 22, 28, 34]",1,[10],4,"[18, 22, 28, 34]",False,False,False,920,1,16,921,2,4,921,2,4,961,42,3,921,2,4,961,42,3,1,[10],True
929,937,8,34,34,"[2, 8, 12, 14, 18, 20, 24, 30, 32, 38, 42, 44, 48, 50, 54, 60, 62, 68, 72, 74, 78, 80, 84, 90, 92, 98, 102, 104, 108, 110, 114, 120, 122, 128]",1,[2],True,9,"[2, 8, 12, 14, 18, 20, 24, 30, 32]",False,4,"[8, 12, 18, 24]",1,[8],3,"[12, 18, 24]",False,False,False,930,1,16,931,2,6,933,4,4,961,32,3,933,4,4,961,32,3,1,[8],True
937,941,4,34,34,"[4, 6, 10, 12, 16, 22, 24, 30, 34, 36, 40, 42, 46, 52, 54, 60, 64, 66, 70, 72, 76, 82, 84, 90, 94, 96, 100, 102, 106, 112, 114, 120, 124, 126]",0,[],True,7,"[4, 6, 10, 12, 16, 22, 24]",False,3,"[4, 10, 16]",1,[4],2,"[10, 16]",False,False,False,938,1,8,939,2,4,939,2,4,961,24,3,939,2,4,961,24,3,1,[4],True
941,947,6,35,35,"[2, 6, 8, 12, 18, 20, 26, 30, 32, 36, 38, 42, 48, 50, 56, 60, 62, 66, 68, 72, 78, 80, 86, 90, 92, 96, 98, 102, 108, 110, 116, 120, 122, 126, 128]",1,[2],True,6,"[2, 6, 8, 12, 18, 20]",False,2,"[6, 12]",1,[6],1,[12],False,False,False,942,1,8,943,2,4,943,2,4,961,20,3,943,2,4,961,20,3,1,[6],True
947,953,6,34,34,"[2, 6, 12, 14, 20, 24, 26, 30, 32, 36, 42, 44, 50, 54, 56, 60, 62, 66, 72, 74, 80, 84, 86, 90, 92, 96, 102, 104, 110, 114, 116, 120, 122, 126]",1,[2],True,4,"[2, 6, 12, 14]",False,1,[6],1,[6],0,[],False,True,True,948,1,12,949,2,4,949,2,4,961,14,3,949,2,4,961,14,3,1,[6],True
953,967,14,34,34,"[6, 8, 14, 18, 20, 24, 26, 30, 36, 38, 44, 48, 50, 54, 56, 60, 66, 68, 74, 78, 80, 84, 86, 90, 96, 98, 104, 108, 110, 114, 116, 120, 126, 128]",0,[],True,34,"[6, 8, 14, 18, 20, 24, 26, 30, 36, 38, 44, 48, 50, 54, 56, 60, 66, 68, 74, 78, 80, 84, 86, 90, 96, 98, 104, 108, 110, 114, 116, 120, 126, 128]",False,18,"[14, 18, 24, 30, 38, 44, 56, 60, 66, 68, 78, 80, 86, 96, 98, 108, 110, 116]",1,[14],17,"[18, 24, 30, 38, 44, 56, 60, 66, 68, 78, 80, 86, 96, 98, 108, 110, 116]",False,False,False,954,1,12,955,2,4,961,8,3,,,,961,8,3,,,,1,[14],True
967,971,4,34,34,"[4, 6, 10, 12, 16, 22, 24, 30, 34, 36, 40, 42, 46, 52, 54, 60, 64, 66, 70, 72, 76, 82, 84, 90, 94, 96, 100, 102, 106, 112, 114, 120, 124, 126]",0,[],True,2,"[4, 6]",False,1,[4],1,[4],0,[],False,True,True,968,1,12,969,2,8,969,2,8,973,6,4,969,2,8,973,6,4,1,[4],True
971,977,6,35,35,"[2, 6, 8, 12, 18, 20, 26, 30, 32, 36, 38, 42, 48, 50, 56, 60, 62, 66, 68, 72, 78, 80, 86, 90, 92, 96, 98, 102, 108, 110, 116, 120, 122, 126, 128]",1,[2],True,35,"[2, 6, 8, 12, 18, 20, 26, 30, 32, 36, 38, 42, 48, 50, 56, 60, 62, 66, 68, 72, 78, 80, 86, 90, 92, 96, 98, 102, 108, 110, 116, 120, 122, 126, 128]",False,20,"[6, 12, 20, 26, 38, 42, 48, 50, 60, 62, 68, 78, 80, 90, 92, 98, 116, 120, 122, 126]",1,[6],19,"[12, 20, 26, 38, 42, 48, 50, 60, 62, 68, 78, 80, 90, 92, 98, 116, 120, 122, 126]",False,False,False,972,1,18,973,2,4,973,2,4,,,,973,2,4,,,,1,[6],True
977,983,6,34,34,"[2, 6, 12, 14, 20, 24, 26, 30, 32, 36, 42, 44, 50, 54, 56, 60, 62, 66, 72, 74, 80, 84, 86, 90, 92, 96, 102, 104, 110, 114, 116, 120, 122, 126]",1,[2],True,34,"[2, 6, 12, 14, 20, 24, 26, 30, 32, 36, 42, 44, 50, 54, 56, 60, 62, 66, 72, 74, 80, 84, 86, 90, 92, 96, 102, 104, 110, 114, 116, 120, 122, 126]",False,20,"[6, 14, 20, 32, 36, 42, 44, 54, 56, 62, 72, 74, 84, 86, 92, 110, 114, 116, 120, 126]",1,[6],19,"[14, 20, 32, 36, 42, 44, 54, 56, 62, 72, 74, 84, 86, 92, 110, 114, 116, 120, 126]",False,False,False,978,1,8,979,2,4,979,2,4,,,,979,2,4,,,,1,[6],True
983,991,8,34,34,"[6, 8, 14, 18, 20, 24, 26, 30, 36, 38, 44, 48, 50, 54, 56, 60, 66, 68, 74, 78, 80, 84, 86, 90, 96, 98, 104, 108, 110, 114, 116, 120, 126, 128]",0,[],True,34,"[6, 8, 14, 18, 20, 24, 26, 30, 36, 38, 44, 48, 50, 54, 56, 60, 66, 68, 74, 78, 80, 84, 86, 90, 96, 98, 104, 108, 110, 114, 116, 120, 126, 128]",False,20,"[8, 14, 26, 30, 36, 38, 48, 50, 56, 66, 68, 78, 80, 86, 104, 108, 110, 114, 120, 126]",1,[8],19,"[14, 26, 30, 36, 38, 48, 50, 56, 66, 68, 78, 80, 86, 104, 108, 110, 114, 120, 126]",False,False,False,984,1,16,985,2,4,985,2,4,,,,985,2,4,,,,1,[8],True
991,997,6,33,33,"[6, 10, 12, 16, 18, 22, 28, 30, 36, 40, 42, 46, 48, 52, 58, 60, 66, 70, 72, 76, 78, 82, 88, 90, 96, 100, 102, 106, 108, 112, 118, 120, 126]",0,[],True,33,"[6, 10, 12, 16, 18, 22, 28, 30, 36, 40, 42, 46, 48, 52, 58, 60, 66, 70, 72, 76, 78, 82, 88, 90, 96, 100, 102, 106, 108, 112, 118, 120, 126]",False,20,"[6, 18, 22, 28, 30, 40, 42, 48, 58, 60, 70, 72, 78, 96, 100, 102, 106, 112, 118, 126]",1,[6],19,"[18, 22, 28, 30, 40, 42, 48, 58, 60, 70, 72, 78, 96, 100, 102, 106, 112, 118, 126]",False,False,False,992,1,12,993,2,4,993,2,4,,,,993,2,4,,,,1,[6],True
997,1009,12,34,34,"[4, 6, 10, 12, 16, 22, 24, 30, 34, 36, 40, 42, 46, 52, 54, 60, 64, 66, 70, 72, 76, 82, 84, 90, 94, 96, 100, 102, 106, 112, 114, 120, 124, 126]",34,"[4, 6, 10, 12, 16, 22, 24, 30, 34, 36, 40, 42, 46, 52, 54, 60, 64, 66, 70, 72, 76, 82, 84, 90, 94, 96, 100, 102, 106, 112, 114, 120, 124, 126]",False,34,"[4, 6, 10, 12, 16, 22, 24, 30, 34, 36, 40, 42, 46, 52, 54, 60, 64, 66, 70, 72, 76, 82, 84, 90, 94, 96, 100, 102, 106, 112, 114, 120, 124, 126]",False,20,"[12, 16, 22, 24, 34, 36, 42, 52, 54, 64, 66, 72, 90, 94, 96, 100, 106, 112, 120, 126]",1,[12],19,"[16, 22, 24, 34, 36, 42, 52, 54, 64, 66, 72, 90, 94, 96, 100, 106, 112, 120, 126]",False,False,False,998,1,4,,,,998,1,4,,,,998,1,4,,,,1,[12],True
